_id,role,isAdmin,profile.firstName,profile.lastName,profile.githubId,profile.city,profile.email
eleanora59,student,false,Marina,Ziemann,eleanora59,other,Marina_Ziemann@yahoo.com
cletus.friesen,mentor,false,Ursula,O'Reilly,cletus.friesen,brest,Ursula_OReilly21@hotmail.com
fleta.ritchie,mentor,false,Aubrey,Roberts,fleta.ritchie,vitebsk,Aubrey93@yahoo.com
maryam98,student,false,Lenora,Bernier,maryam98,grodna,Lenora_Bernier82@hotmail.com
bret.willms,mentor,false,Nayeli,Murazik,bret.willms,brest,Nayeli66@yahoo.com
brennon_mraz,student,false,Edna,DuBuque,brennon_mraz,brest,Edna_DuBuque@hotmail.com
sabina_klocko11,student,false,Heloise,Mills,sabina_klocko11,grodna,Heloise27@gmail.com
selmer58,student,false,Ibrahim,Feil,selmer58,other,Ibrahim_Feil@yahoo.com
jordi44,student,false,Domenic,Feeney,jordi44,grodna,Domenic54@yahoo.com
elliot64,student,false,Arianna,Ledner,elliot64,brest,Arianna15@gmail.com
velda_muller89,mentor,false,Adrien,Schuster,velda_muller89,brest,Adrien34@hotmail.com
lee_lakin49,mentor,false,Marilyne,Rohan,lee_lakin49,brest,Marilyne.Rohan79@gmail.com
mortimer22,student,false,Kaitlin,Schroeder,mortimer22,grodna,Kaitlin_Schroeder@yahoo.com
therese35,student,false,Raleigh,Friesen,therese35,mogilev,Raleigh_Friesen@gmail.com
jamar_thiel,mentor,false,Marley,Wunsch,jamar_thiel,mogilev,Marley_Wunsch@yahoo.com
janis50,student,false,Brooke,Pouros,janis50,grodna,Brooke.Pouros@hotmail.com
alfreda_cummerata63,student,false,Austyn,Haag,alfreda_cummerata63,gomel,Austyn_Haag4@hotmail.com
eldred0,student,false,Zack,Rippin,eldred0,vitebsk,Zack_Rippin@hotmail.com
daija62,student,false,Deontae,Volkman,daija62,mogilev,Deontae91@hotmail.com
augustus85,student,false,Lorena,Kerluke,augustus85,minsk,Lorena.Kerluke4@yahoo.com
kody88,student,false,Price,Kerluke,kody88,brest,Price_Kerluke39@hotmail.com
kaylee.okeefe,student,false,Mylene,Towne,kaylee.okeefe,brest,Mylene.Towne@yahoo.com
felix_oberbrunner45,student,false,Bernhard,Pollich,felix_oberbrunner45,gomel,Bernhard19@yahoo.com
kyra64,student,false,Orland,Murray,kyra64,grodna,Orland.Murray2@hotmail.com
rick_walsh,mentor,false,Ryley,Gutkowski,rick_walsh,grodna,Ryley_Gutkowski@hotmail.com
tyson_heidenreich74,student,false,Mia,Mayer,tyson_heidenreich74,minsk,Mia.Mayer@gmail.com
federico_satterfield,student,false,Lauriane,Jacobi,federico_satterfield,grodna,Lauriane_Jacobi@yahoo.com
vincenza_tillman18,student,false,Broderick,Breitenberg,vincenza_tillman18,gomel,Broderick.Breitenberg@gmail.com
damien_streich,student,false,Burdette,Barrows,damien_streich,mogilev,Burdette.Barrows25@yahoo.com
guido.cummings2,student,false,Kellie,Streich,guido.cummings2,gomel,Kellie32@yahoo.com
emile.lemke80,student,false,Giovanni,Kozey,emile.lemke80,brest,Giovanni_Kozey96@yahoo.com
lue.walker,student,false,Joanny,Stiedemann,lue.walker,other,Joanny17@hotmail.com
gia_weimann95,student,false,Eloisa,Runolfsson,gia_weimann95,vitebsk,Eloisa91@gmail.com
lila.mcclure,student,false,Cielo,Lowe,lila.mcclure,gomel,Cielo.Lowe35@gmail.com
rae.funk,student,false,Mya,Cruickshank,rae.funk,other,Mya_Cruickshank84@yahoo.com
lesley.padberg,student,false,Elijah,Pfannerstill,lesley.padberg,gomel,Elijah40@gmail.com
leonel69,mentor,false,Christa,Abbott,leonel69,minsk,Christa11@gmail.com
juana_fahey,student,false,Winona,Klein,juana_fahey,minsk,Winona_Klein@yahoo.com
leta53,student,false,Kenny,Hessel,leta53,other,Kenny.Hessel@yahoo.com
dominique54,student,false,Ray,Schoen,dominique54,other,Ray17@yahoo.com
oren69,mentor,false,Federico,Bruen,oren69,vitebsk,Federico.Bruen@gmail.com
flossie_graham,student,false,Jerrell,Anderson,flossie_graham,other,Jerrell.Anderson@hotmail.com
karlie_wiza43,student,false,Alanna,Botsford,karlie_wiza43,minsk,Alanna_Botsford52@gmail.com
aimee_barton,mentor,false,Bettie,Ziemann,aimee_barton,vitebsk,Bettie.Ziemann9@yahoo.com
brock94,student,false,Drake,Murphy,brock94,minsk,Drake.Murphy43@yahoo.com
weston36,student,false,Izabella,Kling,weston36,mogilev,Izabella.Kling@yahoo.com
jackie54,student,false,Vesta,Ratke,jackie54,other,Vesta90@yahoo.com
kacey89,student,false,Brent,Koss,kacey89,vitebsk,Brent23@gmail.com
constance.crist,student,false,Rusty,Leannon,constance.crist,mogilev,Rusty91@hotmail.com
horace34,student,false,Cleve,Weissnat,horace34,brest,Cleve.Weissnat@hotmail.com
precious42,student,false,Francisca,Rau,precious42,vitebsk,Francisca.Rau10@hotmail.com
armando.williamson,student,false,Domenic,Cummerata,armando.williamson,mogilev,Domenic14@gmail.com
nella78,student,false,Tate,Cassin,nella78,mogilev,Tate.Cassin74@gmail.com
erling.kovacek36,student,false,Arely,Berge,erling.kovacek36,brest,Arely78@yahoo.com
marlene.ward85,mentor,false,Niko,Blick,marlene.ward85,vitebsk,Niko_Blick@gmail.com
rylee_bergnaum,student,false,Xander,Gutkowski,rylee_bergnaum,vitebsk,Xander.Gutkowski66@gmail.com
noemi76,mentor,false,Edmond,Jacobson,noemi76,vitebsk,Edmond_Jacobson@gmail.com
mac.kulas79,student,false,Jermain,Krajcik,mac.kulas79,brest,Jermain.Krajcik40@gmail.com
marianne.runolfsdottir89,student,false,Julius,Gerlach,marianne.runolfsdottir89,mogilev,Julius79@yahoo.com
darlene_gulgowski34,student,false,Filiberto,Skiles,darlene_gulgowski34,gomel,Filiberto86@hotmail.com
agustina_kunze16,student,false,Kianna,Wolf,agustina_kunze16,brest,Kianna_Wolf55@gmail.com
camryn.quigley,student,false,Leonor,Ondricka,camryn.quigley,mogilev,Leonor88@gmail.com
nova_lubowitz5,student,false,Freddie,Walter,nova_lubowitz5,other,Freddie_Walter45@yahoo.com
elfrieda.botsford14,mentor,false,Lurline,Bauch,elfrieda.botsford14,gomel,Lurline_Bauch6@hotmail.com
sigrid47,mentor,false,Ernestina,Powlowski,sigrid47,mogilev,Ernestina.Powlowski@gmail.com
turner.cummings13,mentor,false,Sean,Eichmann,turner.cummings13,mogilev,Sean_Eichmann@gmail.com
andrew.medhurst65,student,false,Dayna,Lubowitz,andrew.medhurst65,mogilev,Dayna_Lubowitz@gmail.com
harrison_bernhard,mentor,false,Trystan,Wolf,harrison_bernhard,vitebsk,Trystan_Wolf@gmail.com
anita51,student,false,Hope,Legros,anita51,brest,Hope_Legros@hotmail.com
leon_keebler39,student,false,Juanita,Murazik,leon_keebler39,gomel,Juanita45@hotmail.com
deangelo.fritsch,student,false,Jordon,Osinski,deangelo.fritsch,mogilev,Jordon_Osinski37@yahoo.com
evie.kozey,student,false,Litzy,Stehr,evie.kozey,minsk,Litzy.Stehr@yahoo.com
clara_glover88,student,false,Maximus,Corwin,clara_glover88,other,Maximus.Corwin@gmail.com
alessandro51,student,false,Arvid,Kunze,alessandro51,gomel,Arvid.Kunze68@yahoo.com
susana_beahan,student,false,Vada,Adams,susana_beahan,grodna,Vada.Adams99@hotmail.com
maci.huel86,student,false,Rickey,Watsica,maci.huel86,grodna,Rickey35@hotmail.com
lorenzo.collier67,student,false,Lou,Hyatt,lorenzo.collier67,grodna,Lou62@gmail.com
christiana.huels32,student,false,Giovanna,Fahey,christiana.huels32,grodna,Giovanna.Fahey58@yahoo.com
morgan_rice34,student,false,Aylin,Pacocha,morgan_rice34,minsk,Aylin_Pacocha72@yahoo.com
april_rutherford52,mentor,false,Marisol,Schaefer,april_rutherford52,vitebsk,Marisol_Schaefer@gmail.com
geraldine.barton51,student,false,Lambert,Koelpin,geraldine.barton51,grodna,Lambert_Koelpin40@hotmail.com
oral23,student,false,Victoria,Mills,oral23,minsk,Victoria.Mills@yahoo.com
liam75,student,false,Brody,Gorczany,liam75,vitebsk,Brody.Gorczany@hotmail.com
jeffrey.nolan,student,false,Delta,Beatty,jeffrey.nolan,grodna,Delta_Beatty58@gmail.com
jace26,student,false,Sigrid,Kris,jace26,grodna,Sigrid.Kris@hotmail.com
marilyne13,student,false,Kaden,Beatty,marilyne13,minsk,Kaden.Beatty@gmail.com
judd62,student,false,German,Hermiston,judd62,grodna,German.Hermiston@hotmail.com
name15,mentor,false,Federico,Harvey,name15,other,Federico_Harvey20@gmail.com
christina.kilback,student,false,Beverly,Spinka,christina.kilback,brest,Beverly.Spinka@gmail.com
beth_kiehn68,student,false,Hobart,Buckridge,beth_kiehn68,other,Hobart_Buckridge@hotmail.com
kennedy_hansen71,student,false,Madisyn,Stehr,kennedy_hansen71,mogilev,Madisyn_Stehr@gmail.com
dixie.brakus,mentor,false,Jerome,Gaylord,dixie.brakus,other,Jerome_Gaylord@yahoo.com
sam_bernhard91,mentor,false,Jaquelin,Fisher,sam_bernhard91,grodna,Jaquelin_Fisher@yahoo.com
david84,mentor,false,Cordie,Kohler,david84,grodna,Cordie4@yahoo.com
ara_cassin39,student,false,Nicolette,Jerde,ara_cassin39,brest,Nicolette47@gmail.com
sandra45,student,false,Clinton,Schuppe,sandra45,mogilev,Clinton_Schuppe83@hotmail.com
price4,mentor,false,Daniella,Ferry,price4,other,Daniella_Ferry49@hotmail.com
alycia_krajcik69,student,false,Zackery,Williamson,alycia_krajcik69,vitebsk,Zackery71@yahoo.com
jacynthe31,student,false,Louisa,Lang,jacynthe31,mogilev,Louisa.Lang@gmail.com
jennifer_funk,student,false,Elfrieda,Huel,jennifer_funk,grodna,Elfrieda86@hotmail.com
talia83,student,false,Demond,Sipes,talia83,brest,Demond.Sipes9@yahoo.com
angelita.prosacco,student,false,Nedra,Schowalter,angelita.prosacco,vitebsk,Nedra_Schowalter73@gmail.com
alyson_luettgen,student,false,Lamont,Brakus,alyson_luettgen,grodna,Lamont_Brakus@hotmail.com
minerva.mante,student,false,Cornell,Mosciski,minerva.mante,minsk,Cornell_Mosciski50@gmail.com
kyle79,student,false,Yessenia,Langworth,kyle79,minsk,Yessenia_Langworth72@hotmail.com
breanne_rath83,student,false,Andreanne,Nienow,breanne_rath83,grodna,Andreanne.Nienow@yahoo.com
burnice_jones45,mentor,false,Alec,Kovacek,burnice_jones45,gomel,Alec0@hotmail.com
willy_turner,student,false,Garry,Haley,willy_turner,minsk,Garry.Haley39@gmail.com
paxton_fisher86,student,false,Leopold,Smitham,paxton_fisher86,other,Leopold52@hotmail.com
violet_hane,student,false,Aisha,Abernathy,violet_hane,minsk,Aisha_Abernathy61@yahoo.com
glen14,student,false,Lazaro,Gaylord,glen14,grodna,Lazaro_Gaylord75@hotmail.com
wilton.walker,student,false,Skye,McLaughlin,wilton.walker,brest,Skye_McLaughlin@gmail.com
barton67,student,false,Greg,Langosh,barton67,vitebsk,Greg54@yahoo.com
camden_labadie,student,false,Trever,Luettgen,camden_labadie,other,Trever.Luettgen53@gmail.com
asia.ferry91,student,false,Maximillia,Donnelly,asia.ferry91,other,Maximillia.Donnelly6@gmail.com
wendy_mcdermott,mentor,false,Alexandria,Hoppe,wendy_mcdermott,grodna,Alexandria85@hotmail.com
alize.boyer,student,false,Abe,Flatley,alize.boyer,vitebsk,Abe_Flatley@yahoo.com
evelyn_reilly48,student,false,Casandra,Gaylord,evelyn_reilly48,brest,Casandra_Gaylord70@yahoo.com
milford57,student,false,Diana,Blanda,milford57,minsk,Diana.Blanda@yahoo.com
deborah_schumm74,student,false,Maggie,Crona,deborah_schumm74,vitebsk,Maggie31@gmail.com
kacey.ratke,student,false,Sheridan,Paucek,kacey.ratke,vitebsk,Sheridan.Paucek83@yahoo.com
anika21,student,false,Laurine,Hand,anika21,gomel,Laurine_Hand28@hotmail.com
jeffrey.raynor96,student,false,Emmie,Luettgen,jeffrey.raynor96,brest,Emmie.Luettgen@hotmail.com
asa_osinski,student,false,Carroll,Keeling,asa_osinski,mogilev,Carroll_Keeling@yahoo.com
aliya.flatley,student,false,Lee,Huel,aliya.flatley,other,Lee.Huel@yahoo.com
camylle5,student,false,Nedra,Pacocha,camylle5,vitebsk,Nedra41@hotmail.com
chanel91,student,false,Maurice,Hand,chanel91,other,Maurice_Hand43@gmail.com
sophie_weissnat,student,false,Aida,Kovacek,sophie_weissnat,brest,Aida4@hotmail.com
jo95,mentor,false,Telly,Hand,jo95,minsk,Telly_Hand66@yahoo.com
jed5,mentor,false,Parker,Baumbach,jed5,minsk,Parker51@yahoo.com
destany_barton,student,false,Patience,Howe,destany_barton,brest,Patience_Howe96@gmail.com
dayna83,student,false,Naomi,McLaughlin,dayna83,brest,Naomi_McLaughlin82@yahoo.com
randy17,student,false,Anibal,Hansen,randy17,minsk,Anibal.Hansen17@gmail.com
megane.murray95,student,false,Bryon,Rau,megane.murray95,other,Bryon.Rau67@gmail.com
alfonzo_schaefer,mentor,false,Dayton,Gottlieb,alfonzo_schaefer,vitebsk,Dayton.Gottlieb76@hotmail.com
harold.reichel39,student,false,Filiberto,Krajcik,harold.reichel39,other,Filiberto.Krajcik68@yahoo.com
jamal.altenwerth14,student,false,Dejuan,Schmeler,jamal.altenwerth14,grodna,Dejuan_Schmeler37@yahoo.com
natalie_harris,mentor,false,Ruthie,Langworth,natalie_harris,minsk,Ruthie_Langworth23@gmail.com
evalyn.pouros91,student,false,Cornelius,Leannon,evalyn.pouros91,minsk,Cornelius_Leannon@yahoo.com
dayne.will,mentor,false,Thaddeus,Braun,dayne.will,vitebsk,Thaddeus16@gmail.com
lolita_durgan,mentor,false,Matteo,Monahan,lolita_durgan,brest,Matteo.Monahan@gmail.com
amira15,student,false,Norval,Weber,amira15,other,Norval.Weber41@gmail.com
berta.mills73,student,false,Liliana,Terry,berta.mills73,minsk,Liliana_Terry@yahoo.com
jalyn_ritchie0,student,false,Kitty,Crooks,jalyn_ritchie0,other,Kitty.Crooks63@gmail.com
pablo_lehner35,mentor,false,Millie,Metz,pablo_lehner35,brest,Millie_Metz34@yahoo.com
ian_sipes0,student,false,Ford,Rau,ian_sipes0,vitebsk,Ford.Rau@hotmail.com
malvina.osinski25,student,false,Paige,McKenzie,malvina.osinski25,minsk,Paige63@hotmail.com
rex.cartwright,mentor,false,Rosalyn,Weimann,rex.cartwright,minsk,Rosalyn99@hotmail.com
ashley16,mentor,false,Fabiola,Conroy,ashley16,minsk,Fabiola_Conroy@yahoo.com
virgil.marvin,mentor,false,Richmond,Casper,virgil.marvin,minsk,Richmond65@gmail.com
wiley.berge,student,false,Grayson,Morar,wiley.berge,mogilev,Grayson_Morar84@hotmail.com
paul_bashirian73,student,false,Polly,Ward,paul_bashirian73,grodna,Polly64@hotmail.com
everardo.vandervort,student,false,Morgan,Baumbach,everardo.vandervort,grodna,Morgan.Baumbach61@hotmail.com
donny10,student,false,Major,Rempel,donny10,gomel,Major.Rempel@hotmail.com
brendan_klocko59,student,false,Dimitri,Johnson,brendan_klocko59,minsk,Dimitri_Johnson34@gmail.com
annabell_goyette96,student,false,Kara,Hegmann,annabell_goyette96,vitebsk,Kara_Hegmann66@hotmail.com
suzanne.lemke20,student,false,Marlene,Reichel,suzanne.lemke20,other,Marlene.Reichel@yahoo.com
lela.crist87,student,false,Gail,Bayer,lela.crist87,gomel,Gail.Bayer34@gmail.com
magali_pfannerstill12,student,false,Yessenia,Cremin,magali_pfannerstill12,other,Yessenia11@yahoo.com
leonardo73,student,false,Hosea,Wilkinson,leonardo73,gomel,Hosea.Wilkinson@gmail.com
katelin.reichert,mentor,false,Selmer,Hamill,katelin.reichert,minsk,Selmer60@gmail.com
hailie51,student,false,Lavinia,Nicolas,hailie51,brest,Lavinia.Nicolas70@hotmail.com
violet_howell85,student,false,Arch,Nader,violet_howell85,gomel,Arch.Nader@gmail.com
lafayette83,mentor,false,Alysa,Pfeffer,lafayette83,gomel,Alysa99@yahoo.com
libby.koss,student,false,Otha,Durgan,libby.koss,other,Otha_Durgan4@yahoo.com
hermann.roob,mentor,false,Arturo,Beahan,hermann.roob,brest,Arturo_Beahan59@gmail.com
hanna_cartwright,student,false,Avery,Reinger,hanna_cartwright,other,Avery.Reinger@yahoo.com
hermann_willms,student,false,Marjory,Grady,hermann_willms,grodna,Marjory_Grady@gmail.com
mitchell50,student,false,Katheryn,Monahan,mitchell50,gomel,Katheryn31@yahoo.com
adah_kshlerin10,student,false,Bertha,Toy,adah_kshlerin10,brest,Bertha32@hotmail.com
darlene_kuvalis,student,false,Waylon,Simonis,darlene_kuvalis,mogilev,Waylon90@hotmail.com
camilla35,mentor,false,Lavina,Braun,camilla35,vitebsk,Lavina_Braun@yahoo.com
maymie2,student,false,Anissa,Eichmann,maymie2,other,Anissa_Eichmann0@yahoo.com
rebekah_wehner,mentor,false,Idella,Boyer,rebekah_wehner,vitebsk,Idella69@gmail.com
walton56,student,false,Osvaldo,Abernathy,walton56,other,Osvaldo36@hotmail.com
asa.mills18,student,false,Javonte,Weissnat,asa.mills18,gomel,Javonte13@gmail.com
myah13,student,false,Magnolia,Lubowitz,myah13,vitebsk,Magnolia_Lubowitz49@yahoo.com
terrence.jacobs,student,false,Erich,Osinski,terrence.jacobs,brest,Erich.Osinski53@hotmail.com
graciela.okuneva58,student,false,Alexis,Pouros,graciela.okuneva58,other,Alexis_Pouros2@yahoo.com
ruthe_champlin14,student,false,Cheyenne,Carter,ruthe_champlin14,vitebsk,Cheyenne.Carter@gmail.com
dulce.aufderhar,student,false,Modesta,Bergstrom,dulce.aufderhar,gomel,Modesta_Bergstrom39@hotmail.com
gillian_braun29,student,false,Connie,Raynor,gillian_braun29,other,Connie58@yahoo.com
ron_carter45,student,false,River,Ferry,ron_carter45,gomel,River.Ferry67@yahoo.com
allan_funk17,mentor,false,Lonzo,Legros,allan_funk17,brest,Lonzo55@gmail.com
tessie66,mentor,false,Vernie,Kautzer,tessie66,grodna,Vernie60@hotmail.com
harrison_moen13,student,false,Maggie,Bechtelar,harrison_moen13,vitebsk,Maggie44@gmail.com
bailey94,student,false,Jessy,Kihn,bailey94,grodna,Jessy.Kihn17@yahoo.com
jasper66,student,false,Margret,Gusikowski,jasper66,brest,Margret.Gusikowski33@yahoo.com
obie18,student,false,Sonny,Mante,obie18,minsk,Sonny.Mante31@yahoo.com
percival_schuppe86,student,false,Luis,Botsford,percival_schuppe86,gomel,Luis.Botsford@gmail.com
brady66,student,false,Caterina,Mayert,brady66,brest,Caterina.Mayert@gmail.com
roger.turcotte,mentor,false,Tyler,Eichmann,roger.turcotte,mogilev,Tyler_Eichmann@gmail.com
lavon_nolan6,student,false,Lorenza,Howell,lavon_nolan6,gomel,Lorenza_Howell@yahoo.com
burley.johnston44,student,false,Kali,Huels,burley.johnston44,grodna,Kali_Huels@yahoo.com
opal71,student,false,Lessie,Heathcote,opal71,minsk,Lessie.Heathcote21@hotmail.com
adolphus_kozey,mentor,false,Tamara,Smitham,adolphus_kozey,grodna,Tamara.Smitham14@hotmail.com
jordyn.okeefe15,student,false,Cordelia,Grady,jordyn.okeefe15,gomel,Cordelia.Grady@gmail.com
kyle70,student,false,Arlene,Wunsch,kyle70,grodna,Arlene.Wunsch@hotmail.com
krista36,mentor,false,Adrianna,Ledner,krista36,gomel,Adrianna.Ledner@yahoo.com
leanne.waters91,student,false,Christ,Beahan,leanne.waters91,brest,Christ78@yahoo.com
janelle.roberts,student,false,Manley,Ward,janelle.roberts,brest,Manley_Ward@hotmail.com
willard_davis,student,false,Ivy,Bradtke,willard_davis,minsk,Ivy.Bradtke50@hotmail.com
elliott_kuhlman70,student,false,Kylee,Bruen,elliott_kuhlman70,mogilev,Kylee_Bruen10@yahoo.com
alexie45,student,false,Porter,Jaskolski,alexie45,mogilev,Porter_Jaskolski21@gmail.com
trey_bradtke50,student,false,Milton,Spencer,trey_bradtke50,gomel,Milton59@hotmail.com
georgianna94,student,false,Tyson,Hackett,georgianna94,other,Tyson.Hackett@hotmail.com
hayden61,student,false,Dennis,Dickens,hayden61,vitebsk,Dennis_Dickens54@yahoo.com
arlie.grant80,student,false,Marilie,Powlowski,arlie.grant80,minsk,Marilie_Powlowski@hotmail.com
erick_mccullough55,student,false,Burley,Fritsch,erick_mccullough55,minsk,Burley93@gmail.com
elenora43,student,false,Guido,Koss,elenora43,other,Guido.Koss@hotmail.com
jeramie_heathcote,student,false,Albin,Kub,jeramie_heathcote,grodna,Albin.Kub@hotmail.com
laurianne.lemke45,student,false,Lorenz,Macejkovic,laurianne.lemke45,other,Lorenz.Macejkovic@yahoo.com
arch_gottlieb64,student,false,William,Adams,arch_gottlieb64,other,William52@gmail.com
anabel.beatty,student,false,Montana,Casper,anabel.beatty,mogilev,Montana44@yahoo.com
gilda_barrows,student,false,Destinee,Schroeder,gilda_barrows,minsk,Destinee_Schroeder@gmail.com
carol.wuckert24,student,false,Laurine,Pfannerstill,carol.wuckert24,minsk,Laurine.Pfannerstill@hotmail.com
johnathon.cremin44,student,false,Corine,Grant,johnathon.cremin44,minsk,Corine27@hotmail.com
sidney.boyle,student,false,Gail,Gusikowski,sidney.boyle,mogilev,Gail84@hotmail.com
silas.schulist29,student,false,Ron,Watsica,silas.schulist29,brest,Ron_Watsica@gmail.com
jeramie_wisozk,student,false,Antwan,Hickle,jeramie_wisozk,gomel,Antwan.Hickle@hotmail.com
nichole_deckow89,student,false,Eusebio,Wisozk,nichole_deckow89,grodna,Eusebio86@hotmail.com
barrett_halvorson,student,false,Nellie,Thiel,barrett_halvorson,brest,Nellie_Thiel@hotmail.com
layne_reichel55,student,false,Orlando,Bauch,layne_reichel55,brest,Orlando.Bauch@gmail.com
jaunita.torphy,mentor,false,Friedrich,Dare,jaunita.torphy,grodna,Friedrich_Dare@hotmail.com
malcolm55,mentor,false,Duncan,Kessler,malcolm55,grodna,Duncan_Kessler@yahoo.com
ardella_bogisich2,student,false,Felipe,Cruickshank,ardella_bogisich2,brest,Felipe39@yahoo.com
cleo73,student,false,Beryl,Hodkiewicz,cleo73,minsk,Beryl55@hotmail.com
jaclyn_wiegand,mentor,false,Sadie,Heathcote,jaclyn_wiegand,minsk,Sadie58@yahoo.com
johnathan_koepp61,student,false,Uriah,Jenkins,johnathan_koepp61,brest,Uriah38@gmail.com
jedidiah_raynor11,student,false,Nigel,Kovacek,jedidiah_raynor11,grodna,Nigel.Kovacek@yahoo.com
emmet_dietrich,student,false,Clotilde,Bernier,emmet_dietrich,brest,Clotilde_Bernier77@gmail.com
darian_lesch48,student,false,Cory,Bins,darian_lesch48,grodna,Cory.Bins25@gmail.com
okey_stiedemann60,student,false,Beryl,Tremblay,okey_stiedemann60,minsk,Beryl.Tremblay5@yahoo.com
brock4,student,false,Ramona,Konopelski,brock4,vitebsk,Ramona.Konopelski57@yahoo.com
kira42,mentor,false,Emelie,Collier,kira42,minsk,Emelie52@hotmail.com
elyssa48,student,false,Gerson,Glover,elyssa48,minsk,Gerson68@hotmail.com
alicia45,student,false,Lisandro,Rodriguez,alicia45,mogilev,Lisandro21@gmail.com
dianna73,student,false,Jose,Cummings,dianna73,brest,Jose56@yahoo.com
evie.cormier38,student,false,Oda,Bradtke,evie.cormier38,gomel,Oda_Bradtke@yahoo.com
kayden_kohler67,student,false,Arianna,Schmitt,kayden_kohler67,other,Arianna27@hotmail.com
harley_grant81,student,false,Cristian,Upton,harley_grant81,gomel,Cristian_Upton@yahoo.com
tod.thiel67,mentor,false,Carmel,Feest,tod.thiel67,mogilev,Carmel15@hotmail.com
clifton83,student,false,Christina,Maggio,clifton83,grodna,Christina_Maggio28@hotmail.com
nannie.haag,student,false,Blaze,Goyette,nannie.haag,minsk,Blaze90@gmail.com
emmet81,student,false,Genesis,Crooks,emmet81,grodna,Genesis_Crooks26@gmail.com
mattie.dooley74,student,false,Alva,Abbott,mattie.dooley74,brest,Alva.Abbott@gmail.com
wiley55,student,false,Finn,Morar,wiley55,grodna,Finn.Morar73@gmail.com
eva.borer95,student,false,Valentina,Steuber,eva.borer95,gomel,Valentina38@hotmail.com
rashawn_bednar,mentor,false,Sebastian,McDermott,rashawn_bednar,brest,Sebastian.McDermott52@yahoo.com
adrianna.krajcik,mentor,false,Jewel,Schneider,adrianna.krajcik,mogilev,Jewel_Schneider72@yahoo.com
raphael_hoppe,student,false,Markus,Hagenes,raphael_hoppe,grodna,Markus_Hagenes@yahoo.com
nick_bogisich3,student,false,Thelma,Hane,nick_bogisich3,gomel,Thelma29@gmail.com
penelope.tromp59,student,false,Kole,Ritchie,penelope.tromp59,brest,Kole_Ritchie89@yahoo.com
mattie_purdy95,student,false,Karelle,Feest,mattie_purdy95,gomel,Karelle_Feest@gmail.com
bryana_stokes38,mentor,false,Isadore,Wintheiser,bryana_stokes38,other,Isadore84@yahoo.com
gillian.wehner96,student,false,Roberto,Walsh,gillian.wehner96,mogilev,Roberto_Walsh67@yahoo.com
derek.cruickshank,student,false,Marlene,Heidenreich,derek.cruickshank,vitebsk,Marlene.Heidenreich75@yahoo.com
ross25,student,false,Lilyan,Gutkowski,ross25,grodna,Lilyan66@hotmail.com
darlene38,student,false,Jena,Haley,darlene38,other,Jena_Haley@hotmail.com
ethelyn_prohaska,mentor,false,Gussie,Boyle,ethelyn_prohaska,grodna,Gussie_Boyle@hotmail.com
edison.gerhold,student,false,Pete,Russel,edison.gerhold,mogilev,Pete.Russel@gmail.com
cynthia_hirthe2,student,false,Melissa,Legros,cynthia_hirthe2,minsk,Melissa.Legros@hotmail.com
kari.willms,student,false,Lulu,Mraz,kari.willms,other,Lulu90@gmail.com
darion_harber,student,false,Dasia,Blanda,darion_harber,brest,Dasia_Blanda@gmail.com
jazmyn25,student,false,Kathlyn,Gleichner,jazmyn25,brest,Kathlyn_Gleichner87@hotmail.com
retha.padberg81,student,false,Larissa,Witting,retha.padberg81,gomel,Larissa.Witting@gmail.com
leonard_mohr18,student,false,Wiley,Gislason,leonard_mohr18,other,Wiley84@gmail.com
miller_gaylord,student,false,Antonetta,Huel,miller_gaylord,mogilev,Antonetta.Huel60@hotmail.com
jazmyne97,student,false,D'angelo,Stehr,jazmyne97,brest,Dangelo_Stehr93@gmail.com
ashlynn69,student,false,Favian,Lehner,ashlynn69,vitebsk,Favian39@hotmail.com
evalyn.breitenberg38,student,false,Wilfrid,Gerlach,evalyn.breitenberg38,minsk,Wilfrid31@gmail.com
angus75,student,false,Nash,Walker,angus75,gomel,Nash28@gmail.com
camron63,student,false,Shanna,Von,camron63,gomel,Shanna21@hotmail.com
maria60,student,false,Shyanne,Lindgren,maria60,mogilev,Shyanne62@hotmail.com
eleonore_west10,student,false,Franco,Labadie,eleonore_west10,gomel,Franco.Labadie81@yahoo.com
marge45,mentor,false,Alayna,Weissnat,marge45,minsk,Alayna.Weissnat70@gmail.com
bud66,student,false,Luz,Hilpert,bud66,vitebsk,Luz.Hilpert@hotmail.com
jennie_reinger,mentor,false,Wilfred,Jakubowski,jennie_reinger,vitebsk,Wilfred.Jakubowski@hotmail.com
pietro_okeefe21,student,false,Estrella,Orn,pietro_okeefe21,minsk,Estrella_Orn@yahoo.com
berenice.runte79,mentor,false,Eladio,Shanahan,berenice.runte79,other,Eladio_Shanahan60@gmail.com
eloisa29,student,false,Cesar,Feest,eloisa29,brest,Cesar_Feest93@yahoo.com
rex.williamson91,student,false,Eunice,Corkery,rex.williamson91,other,Eunice_Corkery96@yahoo.com
tremayne_dicki22,student,false,Dorothea,Hammes,tremayne_dicki22,other,Dorothea_Hammes@gmail.com
sigmund.rosenbaum83,student,false,Reuben,Wiegand,sigmund.rosenbaum83,vitebsk,Reuben.Wiegand@gmail.com
carlotta74,mentor,false,Domenick,Schuppe,carlotta74,minsk,Domenick95@gmail.com
alba54,student,false,Margaret,Ondricka,alba54,other,Margaret_Ondricka29@hotmail.com
enrico22,student,false,Ashlee,Ebert,enrico22,mogilev,Ashlee60@gmail.com
fay57,student,false,Adolfo,Medhurst,fay57,minsk,Adolfo.Medhurst41@yahoo.com
lauretta.osinski,student,false,Wyatt,Huel,lauretta.osinski,grodna,Wyatt.Huel@hotmail.com
marion11,student,false,Hollie,Rowe,marion11,other,Hollie_Rowe99@gmail.com
mossie84,student,false,Lelia,Ankunding,mossie84,minsk,Lelia_Ankunding7@hotmail.com
felix52,student,false,Karli,Buckridge,felix52,other,Karli.Buckridge40@gmail.com
everette30,student,false,Darrick,Murphy,everette30,grodna,Darrick.Murphy61@hotmail.com
tomasa54,student,false,Damon,Rolfson,tomasa54,minsk,Damon.Rolfson37@hotmail.com
faustino15,student,false,Allen,Greenfelder,faustino15,minsk,Allen60@yahoo.com
dorian.oberbrunner67,student,false,Ewell,Labadie,dorian.oberbrunner67,brest,Ewell_Labadie@yahoo.com
christy_hilll,student,false,Lera,Grant,christy_hilll,other,Lera_Grant58@yahoo.com
jesus.beahan99,student,false,Oda,Bergnaum,jesus.beahan99,minsk,Oda70@hotmail.com
edwardo92,student,false,Llewellyn,Bernier,edwardo92,other,Llewellyn.Bernier@hotmail.com
kaleb.kuphal79,student,false,Gunnar,Gaylord,kaleb.kuphal79,brest,Gunnar_Gaylord@yahoo.com
dulce47,student,false,Deondre,Hackett,dulce47,other,Deondre.Hackett38@yahoo.com
tia_schoen,student,false,Jayden,Treutel,tia_schoen,mogilev,Jayden.Treutel@gmail.com
sandra_schulist,student,false,Rosalee,Schmeler,sandra_schulist,other,Rosalee52@hotmail.com
clare66,student,false,Lenny,Weber,clare66,mogilev,Lenny78@hotmail.com
electa.beatty49,student,false,Vida,Dietrich,electa.beatty49,grodna,Vida33@hotmail.com
cruz.klocko7,student,false,Favian,Ondricka,cruz.klocko7,mogilev,Favian_Ondricka@gmail.com
imelda12,mentor,false,Larue,Abernathy,imelda12,gomel,Larue.Abernathy@hotmail.com
ronaldo30,student,false,Maurine,McLaughlin,ronaldo30,other,Maurine29@gmail.com
rebeca.murphy73,student,false,Carter,Bednar,rebeca.murphy73,vitebsk,Carter.Bednar@yahoo.com
daryl21,student,false,Jeromy,Crooks,daryl21,gomel,Jeromy.Crooks@hotmail.com
leta.leannon63,student,false,Kory,Hilpert,leta.leannon63,other,Kory4@hotmail.com
rolando_jacobi,student,false,Claud,Russel,rolando_jacobi,other,Claud88@gmail.com
elissa66,student,false,Winnifred,Shields,elissa66,grodna,Winnifred_Shields@hotmail.com
murl10,student,false,Laron,Paucek,murl10,grodna,Laron.Paucek@hotmail.com
tyreek_nolan,student,false,Jarred,Blanda,tyreek_nolan,grodna,Jarred_Blanda35@gmail.com
breanna_heaney,mentor,false,Major,Kling,breanna_heaney,brest,Major17@yahoo.com
letha_parker,student,false,Elbert,O'Hara,letha_parker,vitebsk,Elbert_OHara2@yahoo.com
ava_dooley15,student,false,Jacey,Breitenberg,ava_dooley15,mogilev,Jacey1@gmail.com
gregg.brakus1,student,false,Taya,Morissette,gregg.brakus1,mogilev,Taya53@gmail.com
gust.jenkins,student,false,Eileen,Beahan,gust.jenkins,gomel,Eileen74@gmail.com
julio.boehm34,student,false,Myrtis,Zieme,julio.boehm34,minsk,Myrtis.Zieme@gmail.com
charity.beer32,student,false,Kellie,Schamberger,charity.beer32,grodna,Kellie_Schamberger@yahoo.com
wellington.hansen,student,false,Marcus,Sanford,wellington.hansen,other,Marcus_Sanford9@gmail.com
lavon.mclaughlin,student,false,Madelynn,Wunsch,lavon.mclaughlin,vitebsk,Madelynn32@yahoo.com
destiny_schiller,student,false,Sadye,Hegmann,destiny_schiller,gomel,Sadye98@gmail.com
orrin52,student,false,Margarita,Reichert,orrin52,vitebsk,Margarita_Reichert@yahoo.com
tanya.greenholt63,student,false,Brody,Rolfson,tanya.greenholt63,brest,Brody62@hotmail.com
madge75,student,false,Josue,Christiansen,madge75,grodna,Josue_Christiansen61@yahoo.com
brittany.littel,student,false,Floyd,Buckridge,brittany.littel,gomel,Floyd68@yahoo.com
kirsten11,mentor,false,Jailyn,Funk,kirsten11,grodna,Jailyn5@hotmail.com
elna_smitham28,student,false,Deontae,Collier,elna_smitham28,other,Deontae37@gmail.com
jayme12,student,false,Orlo,Wolff,jayme12,gomel,Orlo_Wolff13@gmail.com
abby.mante,student,false,Kraig,Maggio,abby.mante,gomel,Kraig_Maggio19@yahoo.com
connor_kuhn,student,false,Isaac,Bogan,connor_kuhn,gomel,Isaac.Bogan12@yahoo.com
roberta.leffler58,student,false,Pearline,Eichmann,roberta.leffler58,mogilev,Pearline62@gmail.com
norval_dach36,student,false,Leola,Skiles,norval_dach36,brest,Leola_Skiles92@hotmail.com
willard_parisian,student,false,Greg,Mante,willard_parisian,mogilev,Greg_Mante@hotmail.com
tyson13,student,false,Gisselle,Emmerich,tyson13,grodna,Gisselle_Emmerich72@yahoo.com
lynn.rice61,student,false,Gunner,Schamberger,lynn.rice61,brest,Gunner.Schamberger33@gmail.com
bobbie13,student,false,Beth,Morissette,bobbie13,minsk,Beth.Morissette@gmail.com
alessandro_stamm12,mentor,false,Aylin,Feest,alessandro_stamm12,vitebsk,Aylin_Feest@hotmail.com
austin24,student,false,Ursula,Crist,austin24,minsk,Ursula28@gmail.com
kendrick.parisian,student,false,Nils,Weber,kendrick.parisian,vitebsk,Nils_Weber88@hotmail.com
sigmund.smitham,student,false,Osborne,Dietrich,sigmund.smitham,gomel,Osborne26@gmail.com
lia6,student,false,Flavio,Aufderhar,lia6,grodna,Flavio39@yahoo.com
geoffrey76,student,false,Jarod,O'Kon,geoffrey76,vitebsk,Jarod_OKon44@yahoo.com
abby.littel87,student,false,Horace,Abbott,abby.littel87,mogilev,Horace53@hotmail.com
jettie_reichert,student,false,Zoila,Turcotte,jettie_reichert,mogilev,Zoila88@gmail.com
gerhard.gleason72,student,false,Sheila,Morar,gerhard.gleason72,vitebsk,Sheila10@gmail.com
kathleen.schmidt68,student,false,Alyce,Hahn,kathleen.schmidt68,vitebsk,Alyce80@hotmail.com
kathleen_lemke93,student,false,Miller,Kemmer,kathleen_lemke93,grodna,Miller.Kemmer@gmail.com
chesley56,student,false,Fermin,Schinner,chesley56,vitebsk,Fermin_Schinner@gmail.com
tabitha_tillman40,student,false,Natasha,Kuhn,tabitha_tillman40,mogilev,Natasha81@gmail.com
tia40,student,false,Hollis,Lemke,tia40,vitebsk,Hollis_Lemke@gmail.com
louvenia23,student,false,Pasquale,Kshlerin,louvenia23,vitebsk,Pasquale_Kshlerin47@hotmail.com
ludwig87,student,false,Aubrey,Reilly,ludwig87,other,Aubrey.Reilly@hotmail.com
leonardo34,student,false,Colton,Schimmel,leonardo34,other,Colton33@hotmail.com
cydney.douglas,student,false,Ashlee,Hartmann,cydney.douglas,brest,Ashlee.Hartmann7@hotmail.com
jermain.treutel95,student,false,Russ,Lynch,jermain.treutel95,brest,Russ.Lynch84@gmail.com
gwendolyn.murazik88,student,false,Wilfred,Dietrich,gwendolyn.murazik88,mogilev,Wilfred_Dietrich@hotmail.com
ahmad.reinger13,student,false,Lionel,Pfeffer,ahmad.reinger13,vitebsk,Lionel11@yahoo.com
theron_deckow,student,false,Jayne,Morissette,theron_deckow,mogilev,Jayne34@yahoo.com
shana.schoen,student,false,Grover,Kertzmann,shana.schoen,other,Grover_Kertzmann@hotmail.com
darrell_zemlak6,mentor,false,Rosa,O'Hara,darrell_zemlak6,grodna,Rosa_OHara15@hotmail.com
shakira.kohler,student,false,Jamir,Kirlin,shakira.kohler,brest,Jamir27@gmail.com
maymie85,student,false,Karolann,Parisian,maymie85,vitebsk,Karolann79@yahoo.com
arjun.kilback39,mentor,false,Elyssa,Gottlieb,arjun.kilback39,brest,Elyssa_Gottlieb44@yahoo.com
margaret21,student,false,Velda,Schmitt,margaret21,mogilev,Velda13@yahoo.com
katlyn_yost49,student,false,Lindsey,Parisian,katlyn_yost49,mogilev,Lindsey80@yahoo.com
claudine.corwin,student,false,Domenico,Gleason,claudine.corwin,mogilev,Domenico88@yahoo.com
raymundo_mayer13,student,false,Destiny,Stanton,raymundo_mayer13,vitebsk,Destiny15@hotmail.com
cordell75,student,false,Kiley,Glover,cordell75,brest,Kiley28@gmail.com
tillman.orn,student,false,Shad,Hirthe,tillman.orn,grodna,Shad_Hirthe47@gmail.com
edmond_buckridge,student,false,Wilton,Kirlin,edmond_buckridge,gomel,Wilton_Kirlin98@hotmail.com
arch84,student,false,Sharon,Simonis,arch84,gomel,Sharon47@yahoo.com
furman_bechtelar,mentor,false,Rashad,Hilll,furman_bechtelar,gomel,Rashad.Hilll13@hotmail.com
elian_hilpert,student,false,Brielle,Quigley,elian_hilpert,minsk,Brielle.Quigley19@hotmail.com
alvera.koch,student,false,Fatima,Klocko,alvera.koch,other,Fatima_Klocko98@yahoo.com
elinor_ritchie,student,false,Mireya,Collins,elinor_ritchie,mogilev,Mireya62@hotmail.com
rudolph18,student,false,Jasper,Dibbert,rudolph18,brest,Jasper.Dibbert@yahoo.com
stevie40,student,false,Nick,Stiedemann,stevie40,grodna,Nick.Stiedemann33@yahoo.com
matilda.bartoletti7,student,false,Nasir,Legros,matilda.bartoletti7,vitebsk,Nasir68@yahoo.com
leanne_tremblay,student,false,Rubie,Gerhold,leanne_tremblay,vitebsk,Rubie_Gerhold90@gmail.com
percy.watsica,student,false,Javier,Morar,percy.watsica,mogilev,Javier_Morar13@gmail.com
lincoln_williamson84,student,false,Jean,Blanda,lincoln_williamson84,vitebsk,Jean.Blanda80@gmail.com
delmer_schneider,mentor,false,Adaline,Dare,delmer_schneider,gomel,Adaline_Dare45@hotmail.com
roel.toy54,student,false,Graham,Schaden,roel.toy54,gomel,Graham_Schaden73@yahoo.com
elmer_funk87,student,false,Roscoe,Turner,elmer_funk87,vitebsk,Roscoe_Turner@yahoo.com
mavis_treutel23,mentor,false,Lucienne,Larkin,mavis_treutel23,minsk,Lucienne_Larkin@yahoo.com
dessie.ernser87,student,false,Darrick,Jakubowski,dessie.ernser87,gomel,Darrick.Jakubowski89@yahoo.com
aylin89,mentor,false,Monserrat,Paucek,aylin89,brest,Monserrat_Paucek@yahoo.com
sebastian_bauch,student,false,Giovani,Yost,sebastian_bauch,grodna,Giovani_Yost@hotmail.com
carmelo86,student,false,Einar,Koss,carmelo86,minsk,Einar76@yahoo.com
destinee31,student,false,Jacynthe,Wintheiser,destinee31,grodna,Jacynthe47@hotmail.com
luciano.weber,student,false,Emelie,Wyman,luciano.weber,vitebsk,Emelie_Wyman4@gmail.com
penelope.quigley,mentor,false,Kianna,Reynolds,penelope.quigley,vitebsk,Kianna53@yahoo.com
paula91,student,false,Rudy,Gerhold,paula91,other,Rudy.Gerhold19@yahoo.com
dominique98,student,false,Therese,Bashirian,dominique98,minsk,Therese_Bashirian11@gmail.com
jalen.bashirian40,student,false,Aniyah,Monahan,jalen.bashirian40,other,Aniyah10@gmail.com
helmer_rippin,student,false,Lillian,Kunde,helmer_rippin,mogilev,Lillian17@gmail.com
angelica_deckow36,student,false,Gillian,Schinner,angelica_deckow36,grodna,Gillian_Schinner@gmail.com
theresa19,student,false,Maida,Koepp,theresa19,brest,Maida84@yahoo.com
ronny.mohr,student,false,Claude,Friesen,ronny.mohr,other,Claude_Friesen@hotmail.com
kraig_macejkovic,student,false,Arne,Schumm,kraig_macejkovic,gomel,Arne.Schumm@yahoo.com
francesca.okon77,student,false,Elody,Kreiger,francesca.okon77,minsk,Elody_Kreiger@gmail.com
nathen.hirthe79,mentor,false,Aniya,Lakin,nathen.hirthe79,grodna,Aniya.Lakin55@yahoo.com
brandi.ryan43,student,false,Dee,Hamill,brandi.ryan43,brest,Dee.Hamill@gmail.com
tyrese60,student,false,Earlene,Wiza,tyrese60,brest,Earlene_Wiza80@hotmail.com
samanta67,student,false,Alexandrine,Rohan,samanta67,vitebsk,Alexandrine.Rohan60@hotmail.com
chasity13,student,false,Lukas,Halvorson,chasity13,vitebsk,Lukas.Halvorson66@hotmail.com
neal56,student,false,Isabell,Kulas,neal56,gomel,Isabell_Kulas45@gmail.com
immanuel_kling,student,false,Kenton,Murray,immanuel_kling,grodna,Kenton_Murray36@hotmail.com
misael30,student,false,Ceasar,Doyle,misael30,minsk,Ceasar6@yahoo.com
amelie12,student,false,Eleanore,Beahan,amelie12,gomel,Eleanore18@gmail.com
lindsey94,student,false,Addie,Kunde,lindsey94,brest,Addie40@yahoo.com
stevie.kassulke22,student,false,Shaina,O'Reilly,stevie.kassulke22,mogilev,Shaina_OReilly21@gmail.com
phoebe_zemlak63,student,false,Faye,Rolfson,phoebe_zemlak63,vitebsk,Faye.Rolfson@gmail.com
nikolas.kertzmann23,student,false,Stone,Gottlieb,nikolas.kertzmann23,other,Stone_Gottlieb40@gmail.com
dedrick73,student,false,Muriel,Terry,dedrick73,minsk,Muriel37@yahoo.com
zack.thompson,student,false,Kaela,Cartwright,zack.thompson,minsk,Kaela94@hotmail.com
malcolm40,student,false,Kailee,Jacobs,malcolm40,vitebsk,Kailee21@hotmail.com
clay.schowalter,student,false,Khalid,Spencer,clay.schowalter,brest,Khalid_Spencer@yahoo.com
breana.barrows74,student,false,Ines,Zemlak,breana.barrows74,gomel,Ines78@gmail.com
gustave.kulas1,student,false,June,Harber,gustave.kulas1,vitebsk,June75@gmail.com
gerry_kuhlman,student,false,Alanis,Fadel,gerry_kuhlman,gomel,Alanis25@gmail.com
euna_johnson66,student,false,Murphy,Koch,euna_johnson66,grodna,Murphy44@gmail.com
tiffany_collins29,student,false,Reggie,Bashirian,tiffany_collins29,mogilev,Reggie72@yahoo.com
shawna64,mentor,false,Elwin,Douglas,shawna64,minsk,Elwin_Douglas18@yahoo.com
aiden_monahan,student,false,Amos,Howell,aiden_monahan,other,Amos.Howell8@gmail.com
lesley.carter80,student,false,Chesley,Stark,lesley.carter80,mogilev,Chesley48@yahoo.com
brant_kemmer19,student,false,Micheal,Kovacek,brant_kemmer19,gomel,Micheal.Kovacek@yahoo.com
demetrius84,student,false,Sedrick,Kilback,demetrius84,brest,Sedrick_Kilback@gmail.com
marisol8,student,false,Ebony,Bernier,marisol8,gomel,Ebony43@gmail.com
syble74,student,false,Lelia,Connelly,syble74,brest,Lelia3@yahoo.com
fay.bauch,student,false,Colin,Emard,fay.bauch,vitebsk,Colin.Emard@yahoo.com
daphnee_mckenzie,student,false,Tyra,Fadel,daphnee_mckenzie,grodna,Tyra.Fadel97@hotmail.com
nathanial_bernier,student,false,Chad,Howell,nathanial_bernier,grodna,Chad_Howell@yahoo.com
kyla62,mentor,false,Joe,Ankunding,kyla62,vitebsk,Joe7@gmail.com
gene.mclaughlin51,student,false,Shana,Raynor,gene.mclaughlin51,mogilev,Shana.Raynor22@yahoo.com
jennings_schimmel32,student,false,Wilma,Klein,jennings_schimmel32,brest,Wilma.Klein@yahoo.com
corene_okon50,student,false,Trisha,Smitham,corene_okon50,other,Trisha39@yahoo.com
hazel.turner,student,false,Keaton,Lang,hazel.turner,other,Keaton_Lang67@gmail.com
llewellyn90,mentor,false,Kasey,Herzog,llewellyn90,grodna,Kasey53@gmail.com
deanna_keebler,mentor,false,Lynn,Rowe,deanna_keebler,other,Lynn.Rowe99@yahoo.com
aurelia38,student,false,Federico,Beatty,aurelia38,gomel,Federico.Beatty43@yahoo.com
riley_rowe30,student,false,Kenton,Legros,riley_rowe30,mogilev,Kenton.Legros87@hotmail.com
paxton_reynolds,student,false,Maximillian,Schmidt,paxton_reynolds,minsk,Maximillian.Schmidt@yahoo.com
patience.wiza43,student,false,Delpha,Gusikowski,patience.wiza43,gomel,Delpha_Gusikowski@gmail.com
rodrigo.johnson79,student,false,Hailey,Treutel,rodrigo.johnson79,grodna,Hailey91@hotmail.com
broderick_jacobson3,student,false,Jose,Goodwin,broderick_jacobson3,other,Jose.Goodwin@gmail.com
monique.hermann55,student,false,Garfield,Volkman,monique.hermann55,brest,Garfield_Volkman@gmail.com
violette.keebler,student,false,Brett,Larkin,violette.keebler,other,Brett.Larkin@hotmail.com
jovanny_ankunding,student,false,Lester,O'Keefe,jovanny_ankunding,gomel,Lester16@gmail.com
abbie.okuneva10,mentor,false,Lila,Kilback,abbie.okuneva10,grodna,Lila.Kilback73@gmail.com
arnold_lubowitz41,student,false,Ruby,Grimes,arnold_lubowitz41,vitebsk,Ruby_Grimes@hotmail.com
kaylah.jerde,mentor,false,Brooklyn,Batz,kaylah.jerde,other,Brooklyn16@gmail.com
donald.hickle,student,false,Nels,Miller,donald.hickle,grodna,Nels.Miller99@gmail.com
demetrius.haag,mentor,false,Gwendolyn,Barrows,demetrius.haag,other,Gwendolyn.Barrows50@yahoo.com
giuseppe21,student,false,Jarod,Bergnaum,giuseppe21,brest,Jarod92@yahoo.com
jaydon87,student,false,Mohammed,Cruickshank,jaydon87,mogilev,Mohammed64@hotmail.com
julie_larson,student,false,Rogers,Lesch,julie_larson,grodna,Rogers_Lesch@gmail.com
rosamond.sipes34,student,false,Elissa,Jakubowski,rosamond.sipes34,minsk,Elissa.Jakubowski@yahoo.com
estefania_mayert68,student,false,Afton,Ferry,estefania_mayert68,grodna,Afton.Ferry@yahoo.com
nella.larkin,student,false,Leon,Beahan,nella.larkin,mogilev,Leon55@yahoo.com
lambert64,mentor,false,Isobel,West,lambert64,gomel,Isobel_West@yahoo.com
edward99,mentor,false,Braeden,Beier,edward99,minsk,Braeden58@gmail.com
rosario_jakubowski28,student,false,Guy,Greenholt,rosario_jakubowski28,vitebsk,Guy.Greenholt6@gmail.com
angus_olson96,student,false,Eric,Rippin,angus_olson96,vitebsk,Eric22@yahoo.com
zaria.konopelski,student,false,Samson,McDermott,zaria.konopelski,minsk,Samson2@hotmail.com
rolando_emard,student,false,Lura,Altenwerth,rolando_emard,mogilev,Lura_Altenwerth72@yahoo.com
vivian14,student,false,Rosalia,MacGyver,vivian14,brest,Rosalia.MacGyver@yahoo.com
reginald_kautzer25,student,false,Kellie,Corwin,reginald_kautzer25,minsk,Kellie_Corwin@hotmail.com
winston_kuhn,student,false,Wade,Franecki,winston_kuhn,grodna,Wade39@yahoo.com
gerson_waelchi,student,false,Ressie,Runolfsdottir,gerson_waelchi,minsk,Ressie.Runolfsdottir59@gmail.com
frankie_green,student,false,Juliet,Jones,frankie_green,mogilev,Juliet_Jones55@gmail.com
syble.mills31,mentor,false,Maurice,Gleichner,syble.mills31,minsk,Maurice.Gleichner@hotmail.com
corbin.wilkinson16,mentor,false,Jennie,Lockman,corbin.wilkinson16,other,Jennie_Lockman@gmail.com
danika.bosco,student,false,Jazmyne,Gleason,danika.bosco,mogilev,Jazmyne79@gmail.com
sally.bahringer,student,false,Shaun,Gulgowski,sally.bahringer,other,Shaun_Gulgowski96@hotmail.com
alicia_schoen,student,false,Isac,Herzog,alicia_schoen,other,Isac74@hotmail.com
nikko62,mentor,false,Ilene,Gorczany,nikko62,mogilev,Ilene.Gorczany75@hotmail.com
karley_sporer,mentor,false,Wyatt,Harber,karley_sporer,minsk,Wyatt5@gmail.com
linnea4,student,false,Emelie,D'Amore,linnea4,grodna,Emelie_DAmore@yahoo.com
ryann.kovacek6,student,false,Kaylah,O'Connell,ryann.kovacek6,minsk,Kaylah.OConnell70@gmail.com
gertrude.rolfson71,mentor,false,Giuseppe,Kub,gertrude.rolfson71,vitebsk,Giuseppe.Kub@hotmail.com
sandra_boyer,student,false,Matteo,Luettgen,sandra_boyer,grodna,Matteo.Luettgen58@yahoo.com
sim.hermiston45,student,false,Bernita,Bartell,sim.hermiston45,vitebsk,Bernita67@hotmail.com
mandy_walter,student,false,Nick,Schaefer,mandy_walter,vitebsk,Nick.Schaefer62@yahoo.com
tressa30,student,false,Maude,Dickinson,tressa30,vitebsk,Maude17@gmail.com
jake44,student,false,Jayda,Jerde,jake44,minsk,Jayda.Jerde@yahoo.com
kiera93,student,false,Maude,Carter,kiera93,vitebsk,Maude_Carter@yahoo.com
jerrod_wuckert65,student,false,Sam,Russel,jerrod_wuckert65,minsk,Sam.Russel77@gmail.com
humberto55,student,false,Milan,O'Keefe,humberto55,gomel,Milan.OKeefe12@yahoo.com
tressie27,student,false,Price,Johnston,tressie27,brest,Price_Johnston@gmail.com
ernie81,student,false,Laury,Conn,ernie81,brest,Laury51@hotmail.com
cecelia_abshire86,student,false,Herta,Aufderhar,cecelia_abshire86,other,Herta64@hotmail.com
cesar_baumbach53,student,false,Shanelle,Waters,cesar_baumbach53,minsk,Shanelle41@gmail.com
casper.hackett,student,false,Tate,Turcotte,casper.hackett,other,Tate_Turcotte@hotmail.com
nicholas.okon,student,false,Luciano,Torp,nicholas.okon,brest,Luciano.Torp@hotmail.com
leonardo59,student,false,Louie,Aufderhar,leonardo59,vitebsk,Louie8@yahoo.com
corbin.morar13,mentor,false,Clare,Turner,corbin.morar13,mogilev,Clare29@hotmail.com
ettie_torp,student,false,Eulah,Rowe,ettie_torp,other,Eulah21@yahoo.com
sam_padberg,student,false,Hans,Moen,sam_padberg,minsk,Hans_Moen49@hotmail.com
norval_hodkiewicz22,mentor,false,Yasmin,Spinka,norval_hodkiewicz22,other,Yasmin18@hotmail.com
taylor_jakubowski82,student,false,Juliet,Auer,taylor_jakubowski82,brest,Juliet.Auer81@yahoo.com
louisa.king75,student,false,Alana,Torp,louisa.king75,vitebsk,Alana15@yahoo.com
ellis_marks89,student,false,Russell,Ruecker,ellis_marks89,other,Russell_Ruecker82@hotmail.com
grayson_kessler,mentor,false,Mariana,Hettinger,grayson_kessler,other,Mariana53@yahoo.com
kacey_flatley,student,false,Gisselle,Gaylord,kacey_flatley,other,Gisselle.Gaylord@hotmail.com
hattie25,student,false,Zola,Kuvalis,hattie25,grodna,Zola.Kuvalis@hotmail.com
bert.waters,student,false,Grayce,Zulauf,bert.waters,brest,Grayce_Zulauf@gmail.com
anita.gusikowski65,student,false,Henderson,Russel,anita.gusikowski65,vitebsk,Henderson_Russel59@hotmail.com
jazmyne.kiehn99,student,false,Janessa,Marks,jazmyne.kiehn99,brest,Janessa31@gmail.com
godfrey_marks,student,false,Meda,Ortiz,godfrey_marks,grodna,Meda.Ortiz@yahoo.com
felton1,student,false,Jaylan,Hilll,felton1,grodna,Jaylan_Hilll@hotmail.com
oleta0,mentor,false,Grady,Harris,oleta0,gomel,Grady99@hotmail.com
sherwood.murphy95,student,false,Gerald,Mayert,sherwood.murphy95,vitebsk,Gerald43@gmail.com
hipolito41,student,false,Raegan,Dibbert,hipolito41,minsk,Raegan51@gmail.com
ayana1,student,false,Lisa,Sauer,ayana1,minsk,Lisa.Sauer@yahoo.com
giovanni39,student,false,Nedra,Moen,giovanni39,minsk,Nedra22@gmail.com
rhett_schulist26,student,false,Garry,Robel,rhett_schulist26,mogilev,Garry47@gmail.com
amir_emmerich82,student,false,Nyasia,Pagac,amir_emmerich82,gomel,Nyasia3@hotmail.com
stephany.feeney,student,false,Aliza,Anderson,stephany.feeney,mogilev,Aliza46@gmail.com
august8,student,false,Brook,Waters,august8,grodna,Brook77@hotmail.com
marcos.prosacco,mentor,false,Ismael,Langosh,marcos.prosacco,grodna,Ismael.Langosh@hotmail.com
noemy_mclaughlin,student,false,Nat,Thiel,noemy_mclaughlin,gomel,Nat.Thiel76@gmail.com
annabel_corwin,student,false,Orpha,Heidenreich,annabel_corwin,gomel,Orpha56@yahoo.com
tracy.crona70,student,false,Faustino,Trantow,tracy.crona70,other,Faustino10@gmail.com
mason_shields,student,false,Mikel,Powlowski,mason_shields,mogilev,Mikel_Powlowski21@hotmail.com
leopold.cruickshank,student,false,Kendra,Nicolas,leopold.cruickshank,grodna,Kendra_Nicolas@hotmail.com
ford81,student,false,Rico,Wiegand,ford81,minsk,Rico34@gmail.com
lina_koepp97,student,false,Samir,Hagenes,lina_koepp97,minsk,Samir.Hagenes36@gmail.com
shaina_johnson,student,false,Linda,Kautzer,shaina_johnson,brest,Linda98@yahoo.com
cedrick.wunsch,student,false,Rosetta,Daniel,cedrick.wunsch,grodna,Rosetta.Daniel@hotmail.com
lazaro18,student,false,Delia,Treutel,lazaro18,brest,Delia.Treutel70@gmail.com
lenna93,student,false,Zelma,Corkery,lenna93,minsk,Zelma.Corkery@hotmail.com
columbus92,mentor,false,Adolfo,Kreiger,columbus92,other,Adolfo_Kreiger37@gmail.com
jaquelin_feest,student,false,Braxton,Adams,jaquelin_feest,mogilev,Braxton.Adams25@yahoo.com
dante.hahn,student,false,Kathryn,Kuhic,dante.hahn,minsk,Kathryn33@gmail.com
jodie_boyle,student,false,Llewellyn,Balistreri,jodie_boyle,mogilev,Llewellyn.Balistreri19@yahoo.com
monserrat_heathcote97,student,false,Alvina,Weber,monserrat_heathcote97,vitebsk,Alvina_Weber@gmail.com
anahi.zulauf35,student,false,Annalise,Corkery,anahi.zulauf35,minsk,Annalise.Corkery99@yahoo.com
cecil_heathcote5,mentor,false,Geraldine,Romaguera,cecil_heathcote5,minsk,Geraldine.Romaguera@hotmail.com
edmund68,student,false,Vernie,Beatty,edmund68,minsk,Vernie66@hotmail.com
leta_wilderman60,student,false,Demetris,Kemmer,leta_wilderman60,grodna,Demetris1@gmail.com
maude.stiedemann27,student,false,Avis,Pagac,maude.stiedemann27,minsk,Avis17@hotmail.com
pierce_zemlak60,mentor,false,Adela,Schroeder,pierce_zemlak60,minsk,Adela_Schroeder@hotmail.com
kyleigh.greenfelder71,student,false,Ahmed,Stamm,kyleigh.greenfelder71,other,Ahmed_Stamm30@hotmail.com
dorothea_champlin,student,false,Constance,Barton,dorothea_champlin,vitebsk,Constance46@yahoo.com
colten.welch,mentor,false,Luisa,Funk,colten.welch,brest,Luisa.Funk@gmail.com
pauline_yundt,student,false,Concepcion,Smith,pauline_yundt,brest,Concepcion_Smith65@yahoo.com
rowan45,student,false,Nicholaus,Douglas,rowan45,grodna,Nicholaus55@gmail.com
tyler.collier,student,false,Eulah,Effertz,tyler.collier,other,Eulah.Effertz@gmail.com
lucienne.reichel,mentor,false,Malika,Jast,lucienne.reichel,vitebsk,Malika_Jast31@gmail.com
eileen.sipes25,student,false,Carolyne,Bergnaum,eileen.sipes25,minsk,Carolyne40@gmail.com
brice37,mentor,false,Cale,Braun,brice37,vitebsk,Cale_Braun@yahoo.com
bette45,student,false,Ayana,Emard,bette45,mogilev,Ayana_Emard14@gmail.com
layla_flatley11,mentor,false,Brody,Zemlak,layla_flatley11,mogilev,Brody_Zemlak21@hotmail.com
allison.welch66,mentor,false,Donald,Marks,allison.welch66,mogilev,Donald.Marks@gmail.com
diego69,student,false,Deon,Kiehn,diego69,other,Deon_Kiehn18@hotmail.com
rhoda_kassulke78,student,false,Zita,Hintz,rhoda_kassulke78,gomel,Zita_Hintz54@hotmail.com
dagmar.hansen79,student,false,Lionel,Legros,dagmar.hansen79,minsk,Lionel.Legros@gmail.com
jules.boehm35,student,false,Eryn,Mills,jules.boehm35,vitebsk,Eryn0@yahoo.com
edythe_kihn,student,false,Justine,Veum,edythe_kihn,minsk,Justine11@gmail.com
nia68,student,false,Karl,Okuneva,nia68,minsk,Karl_Okuneva@yahoo.com
georgianna.greenfelder46,student,false,Lawrence,Volkman,georgianna.greenfelder46,gomel,Lawrence_Volkman@gmail.com
dexter.prosacco,student,false,Demarco,Carroll,dexter.prosacco,grodna,Demarco_Carroll42@yahoo.com
randy_wisoky8,student,false,Betsy,Bashirian,randy_wisoky8,other,Betsy49@gmail.com
abigale61,student,false,Ova,Turner,abigale61,vitebsk,Ova.Turner64@gmail.com
manuela_terry53,student,false,Gwen,Borer,manuela_terry53,grodna,Gwen0@hotmail.com
kassandra28,student,false,Salvador,King,kassandra28,mogilev,Salvador.King@hotmail.com
eveline_cartwright70,student,false,Kyra,Dicki,eveline_cartwright70,brest,Kyra.Dicki@hotmail.com
brian.buckridge,student,false,Corene,Bayer,brian.buckridge,brest,Corene.Bayer@gmail.com
ben_jerde21,student,false,Dion,O'Connell,ben_jerde21,gomel,Dion.OConnell@yahoo.com
ray.koch98,student,false,Kendrick,Jaskolski,ray.koch98,minsk,Kendrick75@gmail.com
kian.walker,student,false,Lily,Zulauf,kian.walker,gomel,Lily_Zulauf43@gmail.com
spencer25,mentor,false,German,Mayer,spencer25,mogilev,German55@yahoo.com
holden53,student,false,Beverly,Adams,holden53,mogilev,Beverly65@yahoo.com
vanessa23,student,false,Brandyn,Stanton,vanessa23,brest,Brandyn1@gmail.com
juliet_predovic,student,false,Antonetta,Bernier,juliet_predovic,brest,Antonetta15@hotmail.com
lillie77,student,false,Rosemary,Osinski,lillie77,other,Rosemary_Osinski48@gmail.com
destiny.schuppe42,student,false,Kirstin,Will,destiny.schuppe42,brest,Kirstin.Will52@hotmail.com
alaina.schaefer,student,false,Susie,Ledner,alaina.schaefer,minsk,Susie.Ledner@gmail.com
elva_schoen,mentor,false,Angelica,Hickle,elva_schoen,vitebsk,Angelica_Hickle98@yahoo.com
heather_dibbert,student,false,Felicita,Grady,heather_dibbert,gomel,Felicita99@hotmail.com
camryn53,student,false,Laverna,Gleichner,camryn53,vitebsk,Laverna68@gmail.com
gene51,student,false,Norval,Steuber,gene51,other,Norval_Steuber@gmail.com
hermina.abernathy,student,false,Kennedi,Walter,hermina.abernathy,mogilev,Kennedi.Walter@yahoo.com
mac65,student,false,Kayden,Barrows,mac65,mogilev,Kayden.Barrows16@hotmail.com
harmon4,student,false,Alene,Kerluke,harmon4,minsk,Alene.Kerluke13@gmail.com
javon.haag47,student,false,Parker,Glover,javon.haag47,mogilev,Parker96@yahoo.com
efren.hoppe1,mentor,false,Leonora,Mayert,efren.hoppe1,gomel,Leonora31@yahoo.com
alfonzo32,student,false,Kristin,O'Reilly,alfonzo32,gomel,Kristin.OReilly@yahoo.com
bessie.schinner50,student,false,Oral,Mohr,bessie.schinner50,other,Oral69@yahoo.com
karolann28,mentor,false,Dorthy,Schmidt,karolann28,gomel,Dorthy94@hotmail.com
june12,student,false,Domenica,Johnson,june12,mogilev,Domenica61@yahoo.com
jalyn_bogan15,student,false,Wilfredo,Hyatt,jalyn_bogan15,vitebsk,Wilfredo_Hyatt@yahoo.com
payton.sanford76,student,false,June,Bailey,payton.sanford76,mogilev,June.Bailey62@hotmail.com
ashleigh.romaguera26,student,false,Donna,Greenholt,ashleigh.romaguera26,gomel,Donna.Greenholt@gmail.com
angel.mosciski58,student,false,Reynold,Stiedemann,angel.mosciski58,gomel,Reynold.Stiedemann@gmail.com
kendrick.ferry,student,false,Cordell,Kassulke,kendrick.ferry,brest,Cordell_Kassulke58@hotmail.com
nia_flatley,student,false,Betty,Kuhlman,nia_flatley,gomel,Betty_Kuhlman95@gmail.com
alverta.koch25,student,false,Roy,Blick,alverta.koch25,gomel,Roy.Blick15@gmail.com
miles.rolfson,student,false,Rahul,Jerde,miles.rolfson,other,Rahul_Jerde@yahoo.com
arne_hahn11,student,false,Gerhard,Wilkinson,arne_hahn11,gomel,Gerhard_Wilkinson@gmail.com
jeromy42,student,false,Brad,Mueller,jeromy42,gomel,Brad.Mueller44@yahoo.com
sheldon2,student,false,Frankie,Gislason,sheldon2,vitebsk,Frankie_Gislason87@yahoo.com
mitchel_bosco,student,false,Ursula,Bashirian,mitchel_bosco,vitebsk,Ursula15@gmail.com
allison_robel70,student,false,Geoffrey,Farrell,allison_robel70,brest,Geoffrey.Farrell70@hotmail.com
johnathan.bernhard36,mentor,false,Guiseppe,Mosciski,johnathan.bernhard36,other,Guiseppe.Mosciski72@yahoo.com
jayden_bosco,mentor,false,Dulce,Emard,jayden_bosco,brest,Dulce_Emard87@hotmail.com
howell_bailey,student,false,Ambrose,Price,howell_bailey,other,Ambrose.Price@hotmail.com
julia.collier,student,false,Lola,Hudson,julia.collier,other,Lola.Hudson@yahoo.com
shana.herzog,student,false,Leonor,Rath,shana.herzog,grodna,Leonor24@gmail.com
hilario16,mentor,false,Jamel,Thompson,hilario16,grodna,Jamel_Thompson15@gmail.com
melyna_kreiger,student,false,Francisco,Aufderhar,melyna_kreiger,mogilev,Francisco_Aufderhar@yahoo.com
william_mitchell54,student,false,Lyda,Dibbert,william_mitchell54,brest,Lyda58@yahoo.com
shaylee.reilly38,student,false,Zack,Funk,shaylee.reilly38,other,Zack87@hotmail.com
aliya.effertz,student,false,Stewart,Ullrich,aliya.effertz,other,Stewart7@hotmail.com
leonel.adams,student,false,Westley,Ratke,leonel.adams,minsk,Westley.Ratke66@gmail.com
maryjane94,student,false,Raymond,Conroy,maryjane94,vitebsk,Raymond95@hotmail.com
tyshawn_muller27,student,false,Ruben,Parker,tyshawn_muller27,gomel,Ruben.Parker48@hotmail.com
alysa_ebert58,student,false,Samara,Cummings,alysa_ebert58,other,Samara.Cummings@hotmail.com
darby_adams,student,false,Julius,Greenholt,darby_adams,brest,Julius_Greenholt43@yahoo.com
lyla_rolfson79,student,false,Coty,Shields,lyla_rolfson79,vitebsk,Coty.Shields50@yahoo.com
makenna41,student,false,Aric,Murazik,makenna41,mogilev,Aric.Murazik13@yahoo.com
lelah.reynolds,student,false,Hellen,Bogan,lelah.reynolds,grodna,Hellen.Bogan90@yahoo.com
albin_kshlerin,student,false,Jaqueline,Gleichner,albin_kshlerin,minsk,Jaqueline.Gleichner55@gmail.com
aurelie.eichmann,student,false,Verlie,Deckow,aurelie.eichmann,brest,Verlie_Deckow@hotmail.com
lynn_kertzmann,mentor,false,Dock,Daniel,lynn_kertzmann,vitebsk,Dock90@gmail.com
jessica_rempel34,student,false,Grayson,Feeney,jessica_rempel34,brest,Grayson_Feeney@yahoo.com
elvera.koepp,student,false,Fannie,Cassin,elvera.koepp,vitebsk,Fannie_Cassin71@gmail.com
joshuah59,student,false,Erna,Durgan,joshuah59,other,Erna_Durgan@yahoo.com
davion.hammes,student,false,Toby,Mertz,davion.hammes,vitebsk,Toby9@yahoo.com
kathryn_emmerich,student,false,Marilyne,Carroll,kathryn_emmerich,minsk,Marilyne8@gmail.com
breanna.macejkovic66,student,false,Holden,Crooks,breanna.macejkovic66,other,Holden89@gmail.com
melisa40,student,false,Cecil,Hagenes,melisa40,other,Cecil.Hagenes66@yahoo.com
kiara_rodriguez,student,false,Sarai,Dibbert,kiara_rodriguez,brest,Sarai.Dibbert68@hotmail.com
marcelino.bahringer7,student,false,Keshaun,Veum,marcelino.bahringer7,mogilev,Keshaun25@gmail.com
mattie53,student,false,Boris,Eichmann,mattie53,other,Boris_Eichmann45@yahoo.com
layla_dubuque,student,false,Arlie,Tillman,layla_dubuque,vitebsk,Arlie95@yahoo.com
haskell_dubuque,student,false,Eliza,Zulauf,haskell_dubuque,gomel,Eliza_Zulauf@yahoo.com
austen29,student,false,Hugh,Carroll,austen29,grodna,Hugh7@yahoo.com
tyrel.littel,student,false,Wilhelm,Hudson,tyrel.littel,gomel,Wilhelm_Hudson72@gmail.com
hollis.willms98,mentor,false,Miracle,Kshlerin,hollis.willms98,other,Miracle_Kshlerin70@yahoo.com
cora29,student,false,Jessyca,Predovic,cora29,vitebsk,Jessyca70@gmail.com
claudia_collier,mentor,false,Reagan,Reichel,claudia_collier,grodna,Reagan.Reichel@hotmail.com
libbie_kessler,student,false,Darrick,Sauer,libbie_kessler,brest,Darrick76@gmail.com
lambert81,student,false,Gertrude,Maggio,lambert81,gomel,Gertrude_Maggio@yahoo.com
ottilie.jaskolski66,mentor,false,Justine,Schulist,ottilie.jaskolski66,gomel,Justine26@hotmail.com
ambrose_mann,student,false,Alvena,Fisher,ambrose_mann,vitebsk,Alvena_Fisher@yahoo.com
noemy12,student,false,Emilio,Cormier,noemy12,grodna,Emilio_Cormier@yahoo.com
colleen_fay,student,false,Stephan,Cartwright,colleen_fay,vitebsk,Stephan93@yahoo.com
fiona_heller,student,false,Marcelle,Hilll,fiona_heller,vitebsk,Marcelle7@yahoo.com
santino30,student,false,Kamron,Heaney,santino30,other,Kamron_Heaney79@hotmail.com
elna_pacocha,student,false,Dino,Lehner,elna_pacocha,mogilev,Dino10@gmail.com
viola_haley,student,false,Cathryn,Schmitt,viola_haley,minsk,Cathryn_Schmitt33@yahoo.com
erika_emard59,student,false,Meagan,Gibson,erika_emard59,grodna,Meagan1@gmail.com
hailee_rempel,student,false,Jennifer,Murphy,hailee_rempel,brest,Jennifer38@hotmail.com
chaz_becker,student,false,Emanuel,Corkery,chaz_becker,brest,Emanuel.Corkery@hotmail.com
guiseppe_rempel99,mentor,false,Maymie,Spencer,guiseppe_rempel99,vitebsk,Maymie69@hotmail.com
ernestine.paucek,student,false,Camron,Schroeder,ernestine.paucek,mogilev,Camron.Schroeder@gmail.com
jane_beahan,student,false,Michael,Herman,jane_beahan,mogilev,Michael.Herman@gmail.com
adolfo.torphy54,student,false,Ara,Beatty,adolfo.torphy54,other,Ara30@gmail.com
reina.predovic67,student,false,Remington,Anderson,reina.predovic67,mogilev,Remington64@yahoo.com
lane30,student,false,Selmer,Rodriguez,lane30,gomel,Selmer_Rodriguez@yahoo.com
janessa26,student,false,Hiram,Pacocha,janessa26,vitebsk,Hiram.Pacocha@yahoo.com
vida66,mentor,false,Sally,Kihn,vida66,vitebsk,Sally.Kihn82@yahoo.com
otha64,student,false,Narciso,Reichel,otha64,grodna,Narciso_Reichel@gmail.com
sherwood_lindgren,mentor,false,Ryann,Nader,sherwood_lindgren,mogilev,Ryann11@yahoo.com
evie.kohler46,student,false,Lou,Christiansen,evie.kohler46,grodna,Lou.Christiansen@hotmail.com
vilma53,mentor,false,Jacinthe,Adams,vilma53,grodna,Jacinthe_Adams52@yahoo.com
gregg.jenkins50,student,false,Darrell,Ruecker,gregg.jenkins50,brest,Darrell_Ruecker@hotmail.com
duncan_yost,student,false,Merlin,Koch,duncan_yost,other,Merlin_Koch@gmail.com
monroe22,student,false,Meda,Littel,monroe22,grodna,Meda_Littel21@yahoo.com
cleve.swift60,student,false,Leo,Mayer,cleve.swift60,brest,Leo_Mayer0@yahoo.com
gerson.funk16,student,false,Sister,Leuschke,gerson.funk16,grodna,Sister_Leuschke4@hotmail.com
elmo_dickinson,student,false,Evan,Herzog,elmo_dickinson,other,Evan.Herzog91@gmail.com
betty26,student,false,Sarina,Schiller,betty26,vitebsk,Sarina.Schiller73@gmail.com
felix93,student,false,Sigurd,Turcotte,felix93,minsk,Sigurd.Turcotte@gmail.com
ola_rau62,student,false,Tabitha,Keebler,ola_rau62,grodna,Tabitha_Keebler@yahoo.com
dax.adams76,student,false,Clotilde,Will,dax.adams76,grodna,Clotilde63@gmail.com
garry.sawayn70,student,false,Janiya,Schultz,garry.sawayn70,other,Janiya_Schultz53@yahoo.com
conner42,mentor,false,Sim,Kris,conner42,minsk,Sim.Kris@hotmail.com
raymond39,mentor,false,Anna,McGlynn,raymond39,minsk,Anna.McGlynn15@yahoo.com
carter.klein,mentor,false,Janick,Jenkins,carter.klein,gomel,Janick18@gmail.com
granville20,student,false,Emerald,Harvey,granville20,grodna,Emerald77@gmail.com
shaniya_boyle10,mentor,false,Odell,Heller,shaniya_boyle10,gomel,Odell.Heller5@yahoo.com
autumn10,student,false,Jakob,Hills,autumn10,other,Jakob19@gmail.com
willis.stanton,student,false,Sean,Thompson,willis.stanton,brest,Sean.Thompson@gmail.com
morris_williamson,student,false,Aleen,Collier,morris_williamson,mogilev,Aleen_Collier3@yahoo.com
judson_heidenreich,student,false,Junius,Reynolds,judson_heidenreich,other,Junius80@hotmail.com
esperanza85,student,false,Armand,Legros,esperanza85,grodna,Armand18@yahoo.com
brandt.hansen40,student,false,Haleigh,Kertzmann,brandt.hansen40,vitebsk,Haleigh_Kertzmann26@gmail.com
pablo.howe,student,false,Ramon,Streich,pablo.howe,other,Ramon.Streich99@hotmail.com
mikel.mclaughlin22,mentor,false,Alberta,Keebler,mikel.mclaughlin22,gomel,Alberta13@yahoo.com
mandy.casper68,student,false,Columbus,Rice,mandy.casper68,mogilev,Columbus_Rice79@yahoo.com
ora.halvorson,mentor,false,Cecilia,Davis,ora.halvorson,gomel,Cecilia_Davis@hotmail.com
brice59,student,false,Kyla,Bartell,brice59,other,Kyla.Bartell19@gmail.com
garfield_kunde62,student,false,Savanah,Paucek,garfield_kunde62,brest,Savanah.Paucek@yahoo.com
carmine.greenholt,student,false,Alysha,Ziemann,carmine.greenholt,other,Alysha.Ziemann@hotmail.com
roselyn.hammes71,student,false,Judd,Breitenberg,roselyn.hammes71,vitebsk,Judd_Breitenberg@gmail.com
jakayla.lynch,student,false,Austen,Hoeger,jakayla.lynch,vitebsk,Austen.Hoeger@yahoo.com
werner76,student,false,Carey,Block,werner76,other,Carey81@hotmail.com
karson76,mentor,false,Hilario,Kirlin,karson76,brest,Hilario82@yahoo.com
mariam.little,student,false,Wilfredo,Blick,mariam.little,minsk,Wilfredo38@yahoo.com
jaeden.towne,student,false,Norwood,Moore,jaeden.towne,mogilev,Norwood43@hotmail.com
ova_tremblay6,student,false,Eden,Reichel,ova_tremblay6,brest,Eden_Reichel63@gmail.com
ashtyn8,mentor,false,Murl,Cole,ashtyn8,mogilev,Murl60@yahoo.com
marguerite.rice96,student,false,Gladyce,Lesch,marguerite.rice96,mogilev,Gladyce_Lesch22@gmail.com
rosalind48,student,false,Else,Nolan,rosalind48,grodna,Else11@yahoo.com
georgianna.mosciski,student,false,Cedrick,Wisoky,georgianna.mosciski,minsk,Cedrick_Wisoky24@gmail.com
kara19,student,false,Alice,Rau,kara19,grodna,Alice_Rau@hotmail.com
dolly.graham,student,false,Constance,Satterfield,dolly.graham,vitebsk,Constance3@hotmail.com
daphney_abbott,mentor,false,Gunnar,Wuckert,daphney_abbott,minsk,Gunnar.Wuckert@yahoo.com
geovany_crooks8,student,false,Richard,Kuvalis,geovany_crooks8,grodna,Richard_Kuvalis@hotmail.com
kianna.barton51,student,false,Mikel,Kunze,kianna.barton51,brest,Mikel.Kunze@hotmail.com
santiago25,student,false,Burdette,Rodriguez,santiago25,grodna,Burdette.Rodriguez@hotmail.com
deven95,student,false,Eunice,Armstrong,deven95,other,Eunice_Armstrong@gmail.com
travis_barrows,student,false,Joel,Gleason,travis_barrows,grodna,Joel.Gleason@hotmail.com
aisha_jenkins91,student,false,Karelle,Spinka,aisha_jenkins91,mogilev,Karelle80@yahoo.com
aliza_miller,student,false,Haleigh,Bartell,aliza_miller,other,Haleigh_Bartell@hotmail.com
jaunita.armstrong,mentor,false,Berniece,Tremblay,jaunita.armstrong,brest,Berniece_Tremblay64@hotmail.com
rozella.murazik20,student,false,Sigurd,Harber,rozella.murazik20,vitebsk,Sigurd_Harber@gmail.com
herta_rempel77,mentor,false,Miller,Schmeler,herta_rempel77,grodna,Miller.Schmeler95@gmail.com
richard65,student,false,Maya,Tillman,richard65,mogilev,Maya_Tillman67@yahoo.com
hipolito_beatty27,student,false,Ceasar,Howe,hipolito_beatty27,other,Ceasar87@gmail.com
lourdes_corkery,student,false,Adele,Swaniawski,lourdes_corkery,brest,Adele_Swaniawski90@gmail.com
theron0,student,false,Cielo,Ferry,theron0,minsk,Cielo79@yahoo.com
juwan.willms58,student,false,Amaya,Rosenbaum,juwan.willms58,gomel,Amaya70@yahoo.com
oswald_pfeffer,student,false,Winfield,Koch,oswald_pfeffer,minsk,Winfield.Koch@yahoo.com
marcelino35,student,false,Abner,Reichel,marcelino35,mogilev,Abner29@gmail.com
jazmyne_bruen,student,false,Madilyn,Price,jazmyne_bruen,brest,Madilyn65@gmail.com
petra.willms9,student,false,Jackeline,Block,petra.willms9,minsk,Jackeline49@gmail.com
okey.mann,student,false,Corrine,Waters,okey.mann,minsk,Corrine_Waters70@hotmail.com
morgan14,student,false,Hugh,Bartell,morgan14,vitebsk,Hugh_Bartell0@hotmail.com
deja.vandervort,student,false,Jacky,Marvin,deja.vandervort,other,Jacky.Marvin86@hotmail.com
lemuel_feest,student,false,Ahmad,Treutel,lemuel_feest,other,Ahmad.Treutel@hotmail.com
grayce.thompson,student,false,Eusebio,Feest,grayce.thompson,vitebsk,Eusebio_Feest29@gmail.com
alison.little,mentor,false,Emerald,Carter,alison.little,other,Emerald9@gmail.com
cordia_gottlieb37,student,false,Gerard,Adams,cordia_gottlieb37,grodna,Gerard_Adams86@gmail.com
beau_lowe58,student,false,Shaniya,Ratke,beau_lowe58,gomel,Shaniya.Ratke@yahoo.com
yadira59,student,false,Isaiah,Kunde,yadira59,mogilev,Isaiah_Kunde@gmail.com
edgardo_hickle89,student,false,Melody,Kilback,edgardo_hickle89,minsk,Melody.Kilback@yahoo.com
cecilia.weissnat,student,false,Jamal,O'Hara,cecilia.weissnat,other,Jamal_OHara@yahoo.com
jerrell.cassin34,student,false,Dayna,Wehner,jerrell.cassin34,minsk,Dayna.Wehner49@yahoo.com
mozell17,student,false,Francesca,Schuster,mozell17,gomel,Francesca.Schuster20@gmail.com
clementina_gutmann,mentor,false,Sydnie,Ortiz,clementina_gutmann,brest,Sydnie_Ortiz@yahoo.com
kole.paucek6,student,false,Arnold,Champlin,kole.paucek6,minsk,Arnold0@yahoo.com
kaitlyn69,student,false,Wilson,Turner,kaitlyn69,minsk,Wilson78@hotmail.com
milton49,student,false,Janiya,Block,milton49,brest,Janiya_Block6@hotmail.com
colin_willms87,student,false,Clementina,Hodkiewicz,colin_willms87,brest,Clementina_Hodkiewicz@yahoo.com
caesar.rolfson91,student,false,Bradly,Hand,caesar.rolfson91,minsk,Bradly_Hand@hotmail.com
jaylon.glover99,student,false,Zula,Spinka,jaylon.glover99,grodna,Zula.Spinka86@hotmail.com
alysha_corwin17,student,false,Arne,Goldner,alysha_corwin17,grodna,Arne24@hotmail.com
cecile.jenkins,student,false,Dovie,Kuvalis,cecile.jenkins,gomel,Dovie36@yahoo.com
ray.rodriguez,student,false,Leland,Ward,ray.rodriguez,minsk,Leland55@hotmail.com
valentine.hickle,student,false,Cortez,Kilback,valentine.hickle,minsk,Cortez.Kilback29@yahoo.com
richmond.veum,student,false,Anne,Schroeder,richmond.veum,other,Anne5@hotmail.com
yoshiko_feeney17,mentor,false,Arianna,Heidenreich,yoshiko_feeney17,gomel,Arianna.Heidenreich@gmail.com
hilton_kutch7,student,false,Favian,Waelchi,hilton_kutch7,gomel,Favian_Waelchi@gmail.com
orion_cassin82,student,false,Delta,Johns,orion_cassin82,gomel,Delta.Johns52@gmail.com
quinn.turner18,student,false,Doyle,Heathcote,quinn.turner18,vitebsk,Doyle1@gmail.com
orville49,student,false,Aglae,Kling,orville49,gomel,Aglae.Kling79@hotmail.com
freddy_waelchi,student,false,Edgar,Gleichner,freddy_waelchi,other,Edgar.Gleichner97@hotmail.com
shany_stoltenberg,student,false,Eliza,Goodwin,shany_stoltenberg,grodna,Eliza_Goodwin55@yahoo.com
astrid_schulist,mentor,false,Zackary,Streich,astrid_schulist,brest,Zackary.Streich71@yahoo.com
hudson_bauch57,student,false,Katelynn,Steuber,hudson_bauch57,vitebsk,Katelynn_Steuber33@yahoo.com
sydnee86,student,false,Sanford,Glover,sydnee86,grodna,Sanford_Glover@yahoo.com
cayla_kutch,student,false,Cristal,Kunde,cayla_kutch,other,Cristal_Kunde@hotmail.com
irwin5,student,false,Wilmer,Nader,irwin5,vitebsk,Wilmer_Nader11@gmail.com
immanuel_murphy,student,false,Brandi,Wolf,immanuel_murphy,vitebsk,Brandi.Wolf@yahoo.com
abagail_connelly,mentor,false,Greyson,Bernier,abagail_connelly,vitebsk,Greyson.Bernier@gmail.com
macy_murazik,mentor,false,Toney,Lehner,macy_murazik,vitebsk,Toney63@gmail.com
nedra61,student,false,Lew,Jakubowski,nedra61,mogilev,Lew_Jakubowski@gmail.com
javon.schroeder30,student,false,Murray,Kuvalis,javon.schroeder30,other,Murray_Kuvalis88@gmail.com
yvonne_halvorson54,student,false,Kacie,Lindgren,yvonne_halvorson54,grodna,Kacie43@hotmail.com
walton25,mentor,false,Alba,Prosacco,walton25,brest,Alba.Prosacco@hotmail.com
connie0,student,false,Helga,Brown,connie0,vitebsk,Helga.Brown@hotmail.com
vena_braun,student,false,Buster,Pacocha,vena_braun,brest,Buster.Pacocha@hotmail.com
briana33,student,false,Harmony,Ortiz,briana33,minsk,Harmony.Ortiz42@gmail.com
louvenia22,student,false,Nova,Sanford,louvenia22,gomel,Nova_Sanford56@yahoo.com
alaina.flatley8,student,false,Evalyn,Mertz,alaina.flatley8,vitebsk,Evalyn98@yahoo.com
felix54,student,false,Theo,Jenkins,felix54,other,Theo_Jenkins@yahoo.com
camila_herman20,student,false,Isadore,Mitchell,camila_herman20,brest,Isadore.Mitchell@yahoo.com
lois_terry94,student,false,Amelie,Runte,lois_terry94,minsk,Amelie12@gmail.com
clement62,student,false,Vena,Morar,clement62,grodna,Vena.Morar@hotmail.com
sophia.stracke,student,false,Camden,Wisoky,sophia.stracke,gomel,Camden_Wisoky73@gmail.com
ova_mayert,mentor,false,Keyon,Pouros,ova_mayert,mogilev,Keyon.Pouros@hotmail.com
stefanie4,student,false,Rolando,Windler,stefanie4,other,Rolando.Windler@gmail.com
joyce54,student,false,Terrill,Beier,joyce54,brest,Terrill.Beier18@gmail.com
ted.herman,student,false,Rita,Nolan,ted.herman,mogilev,Rita_Nolan36@yahoo.com
stanford.cremin33,student,false,Merle,Thompson,stanford.cremin33,mogilev,Merle99@gmail.com
freeda_considine,student,false,Jesus,Leannon,freeda_considine,vitebsk,Jesus.Leannon@gmail.com
mariela.legros,student,false,Ubaldo,Ritchie,mariela.legros,mogilev,Ubaldo17@hotmail.com
madelyn.botsford33,student,false,Destiney,Wyman,madelyn.botsford33,brest,Destiney22@hotmail.com
conor_emard,student,false,William,Ritchie,conor_emard,mogilev,William_Ritchie@yahoo.com
zola.bradtke22,student,false,Dannie,Marks,zola.bradtke22,minsk,Dannie12@hotmail.com
daija.larson34,student,false,Dale,Crona,daija.larson34,brest,Dale_Crona@hotmail.com
leonel.ratke36,mentor,false,Zella,Cassin,leonel.ratke36,vitebsk,Zella35@gmail.com
toney88,student,false,Lucinda,Huel,toney88,minsk,Lucinda.Huel17@gmail.com
dameon.kuhlman88,mentor,false,Teresa,Witting,dameon.kuhlman88,gomel,Teresa77@gmail.com
eugene_purdy,mentor,false,Chauncey,Botsford,eugene_purdy,minsk,Chauncey_Botsford67@yahoo.com
stuart.murphy,student,false,Gennaro,Emard,stuart.murphy,minsk,Gennaro74@gmail.com
charity.homenick34,student,false,Yolanda,Hoppe,charity.homenick34,other,Yolanda94@yahoo.com
ethelyn_padberg19,mentor,false,Albina,Hintz,ethelyn_padberg19,brest,Albina_Hintz@hotmail.com
gregg.weimann,student,false,Wendell,Deckow,gregg.weimann,grodna,Wendell.Deckow@hotmail.com
americo6,student,false,Casimir,Feest,americo6,grodna,Casimir_Feest@hotmail.com
aimee_stoltenberg,mentor,false,Jerrod,Corkery,aimee_stoltenberg,mogilev,Jerrod.Corkery54@yahoo.com
joseph81,student,false,Kelly,Considine,joseph81,vitebsk,Kelly_Considine@yahoo.com
santino90,mentor,false,Georgiana,Fritsch,santino90,gomel,Georgiana41@yahoo.com
melba.hammes,student,false,Makenna,Huel,melba.hammes,other,Makenna74@yahoo.com
marty67,student,false,Bradly,Lueilwitz,marty67,vitebsk,Bradly71@gmail.com
ryan.stamm47,student,false,Anderson,Gulgowski,ryan.stamm47,vitebsk,Anderson23@yahoo.com
jerald.mills,student,false,Danielle,Witting,jerald.mills,vitebsk,Danielle60@gmail.com
allene41,student,false,Chaim,Bruen,allene41,brest,Chaim_Bruen@yahoo.com
eloy.beer,mentor,false,Nelson,O'Hara,eloy.beer,gomel,Nelson.OHara50@yahoo.com
tristian98,mentor,false,Kiley,Haag,tristian98,vitebsk,Kiley.Haag40@gmail.com
rebeka.zieme73,student,false,Taryn,Pacocha,rebeka.zieme73,vitebsk,Taryn_Pacocha@gmail.com
eden75,mentor,false,Dustin,Brakus,eden75,other,Dustin_Brakus@gmail.com
vaughn12,mentor,false,Monty,D'Amore,vaughn12,gomel,Monty29@yahoo.com
ashtyn_lang,student,false,Layne,Turcotte,ashtyn_lang,other,Layne_Turcotte0@gmail.com
pearlie.tillman81,mentor,false,Ariel,Kshlerin,pearlie.tillman81,mogilev,Ariel.Kshlerin61@yahoo.com
justus60,mentor,false,William,Paucek,justus60,gomel,William_Paucek29@yahoo.com
charity56,student,false,Mia,Hackett,charity56,vitebsk,Mia_Hackett@gmail.com
mabelle71,student,false,Connie,O'Conner,mabelle71,minsk,Connie_OConner@hotmail.com
rahul63,student,false,Philip,Cassin,rahul63,mogilev,Philip_Cassin@hotmail.com
eloise.kiehn,student,false,Payton,Schmeler,eloise.kiehn,vitebsk,Payton7@yahoo.com
ray_sauer,student,false,Julio,Corkery,ray_sauer,grodna,Julio14@gmail.com
ford55,student,false,Aileen,Volkman,ford55,gomel,Aileen_Volkman@gmail.com
devin_larson64,student,false,Jillian,Bailey,devin_larson64,mogilev,Jillian.Bailey@hotmail.com
princess5,student,false,Amie,Aufderhar,princess5,minsk,Amie.Aufderhar@gmail.com
eli.gleichner,student,false,Kathryn,Homenick,eli.gleichner,vitebsk,Kathryn_Homenick@gmail.com
maxie69,student,false,Imani,Heaney,maxie69,minsk,Imani73@hotmail.com
gus.bechtelar,student,false,Fleta,Ondricka,gus.bechtelar,mogilev,Fleta50@hotmail.com
margaret54,student,false,Micah,Jast,margaret54,grodna,Micah.Jast@yahoo.com
chesley89,student,false,Addie,Goodwin,chesley89,grodna,Addie_Goodwin11@gmail.com
bernadette.kuhic73,student,false,Emanuel,Kris,bernadette.kuhic73,minsk,Emanuel_Kris75@hotmail.com
furman_stroman,student,false,Reggie,Crooks,furman_stroman,vitebsk,Reggie13@hotmail.com
makayla72,mentor,false,Jerrod,Bode,makayla72,gomel,Jerrod43@gmail.com
genoveva_hartmann,student,false,Gudrun,Haag,genoveva_hartmann,vitebsk,Gudrun_Haag42@gmail.com
ocie97,student,false,Nyasia,Leuschke,ocie97,mogilev,Nyasia.Leuschke69@yahoo.com
eleazar.rau7,student,false,Khalid,Bernhard,eleazar.rau7,grodna,Khalid.Bernhard53@yahoo.com
frederik_wolf,student,false,Delaney,Lockman,frederik_wolf,grodna,Delaney_Lockman@yahoo.com
maryjane_farrell13,student,false,Alvina,Schmidt,maryjane_farrell13,gomel,Alvina5@gmail.com
aron.pfannerstill37,student,false,Stephen,Pouros,aron.pfannerstill37,gomel,Stephen48@gmail.com
lillie.heathcote44,student,false,Mercedes,Daniel,lillie.heathcote44,grodna,Mercedes.Daniel13@yahoo.com
harrison0,student,false,Jack,Fadel,harrison0,other,Jack76@gmail.com
kelsi_jacobson,student,false,Zachary,Kub,kelsi_jacobson,grodna,Zachary_Kub@yahoo.com
margaret_lang,student,false,Nina,Lesch,margaret_lang,minsk,Nina_Lesch@gmail.com
rossie_beatty21,mentor,false,Vivien,Zulauf,rossie_beatty21,vitebsk,Vivien65@yahoo.com
roger_von37,mentor,false,Cordell,Schuster,roger_von37,grodna,Cordell_Schuster13@gmail.com
malika_beatty,student,false,Dallas,Nicolas,malika_beatty,brest,Dallas.Nicolas@gmail.com
annabel.prohaska69,student,false,Emmett,Shields,annabel.prohaska69,minsk,Emmett82@yahoo.com
herman_orn,student,false,Terry,Mante,herman_orn,mogilev,Terry.Mante@gmail.com
maegan_gaylord,student,false,Naomi,Gerlach,maegan_gaylord,brest,Naomi75@hotmail.com
dangelo_daugherty,mentor,false,Antwon,VonRueden,dangelo_daugherty,mogilev,Antwon89@gmail.com
isac.reynolds47,student,false,Katrina,Roberts,isac.reynolds47,other,Katrina_Roberts@hotmail.com
frida20,student,false,Dorothy,Gaylord,frida20,minsk,Dorothy.Gaylord@yahoo.com
maxine.kreiger60,student,false,Alex,Brekke,maxine.kreiger60,other,Alex49@gmail.com
kirstin47,student,false,Reynold,Hayes,kirstin47,mogilev,Reynold_Hayes@gmail.com
kyle.yost,student,false,Hilma,Eichmann,kyle.yost,minsk,Hilma20@yahoo.com
connie_greenfelder71,student,false,Eliseo,Williamson,connie_greenfelder71,vitebsk,Eliseo.Williamson59@yahoo.com
norma66,student,false,Velda,Nikolaus,norma66,brest,Velda.Nikolaus@hotmail.com
isabel_tillman50,student,false,Stacy,Aufderhar,isabel_tillman50,grodna,Stacy.Aufderhar61@hotmail.com
justine78,student,false,Shany,Lehner,justine78,mogilev,Shany36@hotmail.com
ona39,student,false,Loraine,Jaskolski,ona39,other,Loraine43@gmail.com
howard88,mentor,false,Bailee,Jakubowski,howard88,vitebsk,Bailee_Jakubowski@hotmail.com
nicholaus_schroeder30,student,false,Jorge,Beahan,nicholaus_schroeder30,other,Jorge_Beahan@hotmail.com
ali17,student,false,Chloe,Senger,ali17,grodna,Chloe.Senger15@yahoo.com
miles.hettinger76,mentor,false,Christop,Hegmann,miles.hettinger76,grodna,Christop.Hegmann@hotmail.com
dusty78,student,false,Jamie,Littel,dusty78,other,Jamie59@hotmail.com
jovan.windler9,student,false,Eugenia,Hudson,jovan.windler9,mogilev,Eugenia92@yahoo.com
shane82,mentor,false,Dahlia,Keeling,shane82,other,Dahlia.Keeling@gmail.com
catharine72,student,false,Helena,Hoeger,catharine72,minsk,Helena52@yahoo.com
joe15,student,false,Harold,Hammes,joe15,brest,Harold.Hammes@hotmail.com
margarette.oconnell82,student,false,Ahmad,Skiles,margarette.oconnell82,grodna,Ahmad.Skiles31@gmail.com
nakia37,student,false,Sid,Bruen,nakia37,other,Sid.Bruen@hotmail.com
sid.kling82,student,false,Doyle,Bechtelar,sid.kling82,vitebsk,Doyle_Bechtelar7@yahoo.com
art_legros,student,false,Melyssa,Wehner,art_legros,grodna,Melyssa.Wehner@hotmail.com
loma64,mentor,false,Jodie,Abshire,loma64,other,Jodie.Abshire@hotmail.com
bertrand.buckridge67,student,false,Layla,Kutch,bertrand.buckridge67,brest,Layla59@hotmail.com
sigurd_bauch32,student,false,Zachary,Haley,sigurd_bauch32,grodna,Zachary59@yahoo.com
kaya_lockman63,student,false,Pietro,Littel,kaya_lockman63,brest,Pietro50@gmail.com
vella_goldner18,student,false,Morton,Lubowitz,vella_goldner18,vitebsk,Morton37@hotmail.com
ezekiel48,student,false,Tavares,Ferry,ezekiel48,vitebsk,Tavares_Ferry39@hotmail.com
tyler_bechtelar69,mentor,false,Samanta,Bode,tyler_bechtelar69,mogilev,Samanta70@hotmail.com
benedict.lesch34,student,false,Ryley,Marquardt,benedict.lesch34,brest,Ryley.Marquardt@gmail.com
jewell.strosin48,mentor,false,Travon,Dietrich,jewell.strosin48,brest,Travon_Dietrich97@hotmail.com
martina.gibson9,student,false,Ocie,Herzog,martina.gibson9,minsk,Ocie_Herzog@yahoo.com
nikki81,mentor,false,Ada,Connelly,nikki81,vitebsk,Ada41@gmail.com
liza_huel54,student,false,Scarlett,Moore,liza_huel54,minsk,Scarlett.Moore74@hotmail.com
cornelius_breitenberg,student,false,Hillary,McDermott,cornelius_breitenberg,minsk,Hillary11@yahoo.com
sydnie85,student,false,Anissa,Hagenes,sydnie85,grodna,Anissa2@hotmail.com
adan_rath,student,false,Chanel,Conn,adan_rath,vitebsk,Chanel_Conn@gmail.com
imani.boyer83,student,false,Monroe,Hagenes,imani.boyer83,minsk,Monroe.Hagenes17@gmail.com
cloyd.willms,mentor,false,Hadley,Hickle,cloyd.willms,gomel,Hadley69@hotmail.com
cora.lockman22,student,false,Lizeth,Berge,cora.lockman22,vitebsk,Lizeth1@yahoo.com
audreanne63,student,false,Shawn,Schneider,audreanne63,minsk,Shawn22@gmail.com
evert.keebler,student,false,Jamaal,Harvey,evert.keebler,grodna,Jamaal11@yahoo.com
khalil.ullrich76,student,false,Ladarius,Quitzon,khalil.ullrich76,grodna,Ladarius.Quitzon25@yahoo.com
carter_bernhard,mentor,false,Alexie,Beatty,carter_bernhard,mogilev,Alexie64@yahoo.com
sherman.homenick,mentor,false,Kattie,Durgan,sherman.homenick,mogilev,Kattie18@yahoo.com
chandler_fahey,student,false,Hanna,Emard,chandler_fahey,grodna,Hanna_Emard@hotmail.com
makenzie47,student,false,Kamren,Kilback,makenzie47,grodna,Kamren70@yahoo.com
tiffany_langworth,mentor,false,Abigale,Dickinson,tiffany_langworth,brest,Abigale49@yahoo.com
fatima_kassulke,student,false,Annalise,Effertz,fatima_kassulke,grodna,Annalise.Effertz@yahoo.com
sydni.botsford22,student,false,Carlos,Deckow,sydni.botsford22,minsk,Carlos_Deckow@hotmail.com
melyssa.tillman,student,false,Mike,Collier,melyssa.tillman,minsk,Mike.Collier74@hotmail.com
nathanial.ferry,student,false,Ruby,Effertz,nathanial.ferry,minsk,Ruby.Effertz29@gmail.com
aurore21,student,false,Dayne,Gusikowski,aurore21,minsk,Dayne.Gusikowski@gmail.com
abbigail.boyer,student,false,Kamren,Block,abbigail.boyer,gomel,Kamren_Block@yahoo.com
felicity.crist,student,false,Hanna,Aufderhar,felicity.crist,mogilev,Hanna.Aufderhar@yahoo.com
carlo.becker67,student,false,Damon,Fisher,carlo.becker67,vitebsk,Damon.Fisher88@hotmail.com
payton.tremblay50,student,false,Earl,Gerhold,payton.tremblay50,mogilev,Earl_Gerhold42@hotmail.com
gregorio.dubuque,student,false,Brant,Kovacek,gregorio.dubuque,other,Brant_Kovacek@hotmail.com
marcelina61,student,false,Stacey,Gottlieb,marcelina61,other,Stacey38@yahoo.com
nora_dooley95,student,false,Nicole,Willms,nora_dooley95,vitebsk,Nicole_Willms@gmail.com
chauncey_jones,student,false,Olen,Abshire,chauncey_jones,mogilev,Olen.Abshire@yahoo.com
jazmyn.kihn,student,false,Roslyn,Ratke,jazmyn.kihn,vitebsk,Roslyn_Ratke16@hotmail.com
marge.kiehn,student,false,Shaniya,Hansen,marge.kiehn,mogilev,Shaniya.Hansen@yahoo.com
wilson_powlowski27,student,false,Camden,Bergstrom,wilson_powlowski27,grodna,Camden3@yahoo.com
michel19,student,false,Andreane,Miller,michel19,grodna,Andreane_Miller@yahoo.com
noemie17,student,false,Mariano,Schowalter,noemie17,vitebsk,Mariano.Schowalter34@yahoo.com
sedrick.welch,student,false,Frederic,Cronin,sedrick.welch,vitebsk,Frederic45@gmail.com
benton.bauch37,student,false,Edythe,Huel,benton.bauch37,vitebsk,Edythe.Huel@hotmail.com
lindsey.hammes15,student,false,Kieran,Schultz,lindsey.hammes15,mogilev,Kieran.Schultz@yahoo.com
audreanne25,student,false,Abbey,Halvorson,audreanne25,minsk,Abbey42@yahoo.com
dorothy93,mentor,false,Toy,Kuhic,dorothy93,mogilev,Toy_Kuhic81@yahoo.com
jazmyn35,student,false,Keira,Pollich,jazmyn35,mogilev,Keira_Pollich83@gmail.com
jennyfer14,student,false,Leonard,Trantow,jennyfer14,gomel,Leonard56@gmail.com
felicity88,student,false,Declan,Schoen,felicity88,other,Declan.Schoen97@gmail.com
tia_goodwin32,student,false,Justine,Smith,tia_goodwin32,gomel,Justine_Smith@yahoo.com
shaina65,student,false,Esteban,Rempel,shaina65,vitebsk,Esteban.Rempel63@yahoo.com
webster_goodwin,student,false,Monte,Hills,webster_goodwin,gomel,Monte_Hills18@yahoo.com
candelario_runolfsdottir21,student,false,Pinkie,Braun,candelario_runolfsdottir21,minsk,Pinkie_Braun@gmail.com
bobby.hodkiewicz,student,false,Otha,Bechtelar,bobby.hodkiewicz,brest,Otha47@hotmail.com
irma_skiles92,student,false,Evans,Borer,irma_skiles92,vitebsk,Evans.Borer94@yahoo.com
rubye_west,student,false,Astrid,Hessel,rubye_west,grodna,Astrid_Hessel@gmail.com
daniela_bayer,student,false,Beaulah,Bauch,daniela_bayer,minsk,Beaulah_Bauch@yahoo.com
nia24,student,false,Davon,Friesen,nia24,vitebsk,Davon.Friesen80@hotmail.com
devante_hilll35,student,false,Frederick,Crist,devante_hilll35,other,Frederick.Crist@gmail.com
brain_braun13,student,false,Maverick,Hoeger,brain_braun13,minsk,Maverick91@hotmail.com
dejuan_farrell,student,false,Rhea,Buckridge,dejuan_farrell,gomel,Rhea_Buckridge41@yahoo.com
adele_barton,student,false,Hugh,Denesik,adele_barton,vitebsk,Hugh40@gmail.com
chad14,student,false,Elvis,Schulist,chad14,other,Elvis.Schulist25@hotmail.com
chyna_wehner70,student,false,Melody,Schaden,chyna_wehner70,mogilev,Melody.Schaden16@yahoo.com
eleanore.smith,student,false,Lura,Larson,eleanore.smith,minsk,Lura64@yahoo.com
ezra64,student,false,Hobart,Gulgowski,ezra64,grodna,Hobart.Gulgowski@hotmail.com
ervin.kshlerin,student,false,Sigmund,Bashirian,ervin.kshlerin,other,Sigmund.Bashirian34@hotmail.com
deonte_harris,student,false,Chris,Gorczany,deonte_harris,other,Chris_Gorczany@gmail.com
giovani_haag,student,false,Axel,Jerde,giovani_haag,other,Axel_Jerde48@gmail.com
maybelle.mann48,student,false,Helga,Boyle,maybelle.mann48,other,Helga38@gmail.com
oliver_becker,student,false,Roselyn,Kessler,oliver_becker,brest,Roselyn_Kessler0@gmail.com
jayde_walsh73,student,false,Albertha,Cormier,jayde_walsh73,brest,Albertha12@hotmail.com
eloisa34,student,false,Brice,Abernathy,eloisa34,grodna,Brice.Abernathy82@yahoo.com
chaya_jast,student,false,Lester,MacGyver,chaya_jast,brest,Lester_MacGyver@yahoo.com
anya.marquardt10,student,false,Marlene,Raynor,anya.marquardt10,minsk,Marlene.Raynor@yahoo.com
alfonso.corkery,student,false,Yessenia,Murray,alfonso.corkery,other,Yessenia_Murray@hotmail.com
karen.hane,mentor,false,Nicola,Windler,karen.hane,mogilev,Nicola_Windler@yahoo.com
wayne.mills19,student,false,Cristopher,Cruickshank,wayne.mills19,grodna,Cristopher.Cruickshank@gmail.com
millie37,mentor,false,Rafael,Casper,millie37,gomel,Rafael.Casper72@gmail.com
felicity_christiansen63,mentor,false,Macy,Wintheiser,felicity_christiansen63,gomel,Macy.Wintheiser34@hotmail.com
rodrick.ebert,student,false,Randi,Bernier,rodrick.ebert,mogilev,Randi.Bernier19@yahoo.com
emilie.tromp,student,false,Donnell,Roberts,emilie.tromp,other,Donnell33@hotmail.com
spencer80,student,false,Cooper,Grant,spencer80,grodna,Cooper_Grant@yahoo.com
armando_hayes25,student,false,Garrett,Franecki,armando_hayes25,minsk,Garrett.Franecki@gmail.com
earline.barrows,student,false,Brandyn,Balistreri,earline.barrows,minsk,Brandyn.Balistreri@yahoo.com
kayley.yundt71,mentor,false,Ahmed,Okuneva,kayley.yundt71,other,Ahmed.Okuneva@yahoo.com
duane.dach,student,false,Derrick,Daniel,duane.dach,grodna,Derrick_Daniel@yahoo.com
dena29,student,false,Casimer,Jacobson,dena29,mogilev,Casimer_Jacobson@gmail.com
erin.deckow,student,false,Haley,Kemmer,erin.deckow,vitebsk,Haley83@gmail.com
jerel_gutkowski14,student,false,Alberta,Deckow,jerel_gutkowski14,brest,Alberta8@gmail.com
angie.tromp90,student,false,Ayden,Howe,angie.tromp90,other,Ayden.Howe17@hotmail.com
fannie_cartwright42,student,false,Valentina,Fisher,fannie_cartwright42,mogilev,Valentina_Fisher54@gmail.com
emil75,student,false,Amina,Harris,emil75,other,Amina60@gmail.com
jack.fritsch82,student,false,Emmy,Schuster,jack.fritsch82,mogilev,Emmy_Schuster@hotmail.com
donnie51,student,false,Marshall,Cassin,donnie51,mogilev,Marshall.Cassin@yahoo.com
modesta15,student,false,Kristofer,Wolff,modesta15,brest,Kristofer_Wolff3@hotmail.com
candace85,student,false,Kenya,Weimann,candace85,minsk,Kenya_Weimann@yahoo.com
clemens.sanford71,student,false,Felicita,Cormier,clemens.sanford71,minsk,Felicita.Cormier5@hotmail.com
joshua38,student,false,Lou,Effertz,joshua38,minsk,Lou72@yahoo.com
lilly18,student,false,Eliezer,Kihn,lilly18,grodna,Eliezer_Kihn72@gmail.com
karina_hintz,mentor,false,Korey,Schimmel,karina_hintz,vitebsk,Korey.Schimmel10@yahoo.com
shanon.moore88,mentor,false,Joany,Kuhn,shanon.moore88,mogilev,Joany48@gmail.com
dominique.nikolaus55,student,false,Alia,Lemke,dominique.nikolaus55,gomel,Alia_Lemke4@gmail.com
rex.oconnell2,student,false,Amie,Skiles,rex.oconnell2,minsk,Amie92@yahoo.com
vida41,student,false,Christian,Feil,vida41,mogilev,Christian.Feil@yahoo.com
gardner.ferry60,student,false,Candelario,Pfannerstill,gardner.ferry60,mogilev,Candelario_Pfannerstill71@yahoo.com
aidan_armstrong14,student,false,Genoveva,Bernhard,aidan_armstrong14,vitebsk,Genoveva.Bernhard47@gmail.com
anne.waelchi,mentor,false,Dax,Corkery,anne.waelchi,mogilev,Dax_Corkery@hotmail.com
cassidy_durgan,student,false,Kaci,Runolfsson,cassidy_durgan,mogilev,Kaci.Runolfsson22@hotmail.com
ashly_lynch54,student,false,Valerie,Beier,ashly_lynch54,other,Valerie1@hotmail.com
zella_konopelski44,student,false,German,Conn,zella_konopelski44,brest,German.Conn85@gmail.com
mara.bogisich,student,false,Ransom,Murphy,mara.bogisich,grodna,Ransom_Murphy@hotmail.com
jevon.pacocha2,student,false,Laron,Kris,jevon.pacocha2,minsk,Laron43@hotmail.com
oswald.spinka60,student,false,Cynthia,Wolf,oswald.spinka60,mogilev,Cynthia_Wolf@gmail.com
wyman.oconner,student,false,Hassie,Balistreri,wyman.oconner,other,Hassie_Balistreri@hotmail.com
carlos_herzog,student,false,Richard,Kling,carlos_herzog,grodna,Richard51@gmail.com
amie_cartwright37,student,false,Cora,Breitenberg,amie_cartwright37,grodna,Cora.Breitenberg@yahoo.com
